period_end,store_id,market_id,market_name,district,cohort,open_days,inside_sales,plan_inside_sales,prior_year_inside_sales,inside_transactions,prior_year_inside_transactions,fuel_gallons,plan_fuel_gallons,prior_year_fuel_gallons,fuel_margin_per_gallon,plan_fuel_margin_per_gallon,inside_gross_profit,plan_inside_gross_profit,fuel_gross_profit,plan_fuel_gross_profit,labor_cost,plan_labor_cost,other_controllable_cost,plan_other_controllable_cost,payment_fees,plan_payment_fees,controllable_contribution,plan_controllable_contribution,contribution_variance,food_sales,food_gross_profit,food_waste_cost,packaged_beverage_sales,packaged_beverage_gross_profit,tobacco_sales,tobacco_gross_profit,other_merchandise_sales,other_merchandise_gross_profit,paid_labor_hours,scheduled_dispenser_hours,dispenser_telemetry_available,available_dispenser_hours,priority_item_audits,priority_items_available,total_fuel_transactions,identified_fuel_transactions,linked_inside_purchases,identified_inside_transactions,average_inside_inventory_cost,monthly_inside_cogs
2026-09-27,TXW-001,TXW,West Texas,TXW D1,Established,28,169840,176000,168492.063492,18706.448413,19146.825397,121412,127000,123763.506626,0.259,0.302,59936.536,62656,31445.708,38354,31248,31000,10584,10800,8131.28316,8583.6,41418.96084,50626.4,-9207.43916,35666.4,18653.5272,606.3288,37364.8,16365.7824,44158.4,7595.2448,52650.4,17321.9816,1453.395349,8064,false,7620.48,240,227,11037,3201,576,5612,34163.82552,109903.464
2026-09-27,TXW-002,TXW,West Texas,TXW D1,Established,28,173145,178500,171261.127596,18877.209682,19242.823325,125026.1,130100,126930.050761,0.2975,0.305,61082.958825,63546,37195.26475,39680.5,31889.24,31480,10838.36,10970,8404.130781,8766.18,47146.492794,52010.32,-4863.827206,37226.175,19357.611,744.5235,38091.9,16608.0684,45017.7,7743.0444,52809.225,17374.235025,1483.220465,8064,true,7943.04,264,251,11366,3296,636,5927,34817.28653,112062.041175
2026-09-27,TXW-003,TXW,West Texas,TXW D1,Established,28,176475,181000,174038.461538,19047.542735,19337.606838,128671.2,133200,130102.325581,0.302,0.308,62232.144,64436,38858.7024,41025.6,32535.28,31960,11095.44,11140,8682.139805,8948.76,48777.986595,53412.84,-4634.853405,38824.5,20072.2665,892.9635,38824.5,16849.833,45883.5,7891.962,52942.5,17418.0825,1513.268837,8064,true,7951.104,288,275,11697,3392,699,6248,35472.32208,114242.856
2026-09-27,TXW-004,TXW,West Texas,TXW D1,Established,28,179830,183500,176823.992134,19217.46464,19431.207927,132347.3,136300,133280.261833,0.3065,0.311,63383.78095,65326,40564.44745,42389.3,33186.12,32440,11355.24,11310,8965.353197,9131.34,50441.515203,54833.96,-4392.444797,40461.75,20797.3395,1052.0055,39562.6,17091.0432,46755.8,8041.9976,53049.85,17453.40065,1543.540465,8064,true,7959.168,312,300,12032,3489,764,6572,36128.755141,116446.21905
2026-09-27,TXW-005,TXW,West Texas,TXW D1,Established,28,183210,186000,179617.647059,19386.991688,19523.657289,136054.4,139400,136463.791374,0.311,0.314,64537.5546,66216,42312.9184,43771.6,33841.76,32920,11617.76,11480,9253.813923,9313.92,52137.139077,56273.68,-4136.540923,42138.3,21532.6713,1222.0107,40306.2,17331.666,47634.6,8193.1512,53130.9,17480.0661,1574.035349,8064,true,7967.232,336,325,12369,3587,832,6902,36786.406122,118672.4454
2026-09-27,TXW-006,TXW,West Texas,TXW D1,Established,28,186615,188500,182419.354839,20667.283724,20729.472141,139792.5,142500,139652.847153,0.3005,0.302,66103.698375,67106,42007.64625,43035,34502.2,33400,11883,11650,9547.56495,9496.5,52178.579675,55594.5,-3415.920325,43854.525,22278.0987,1403.3448,41055.3,17982.2214,48519.9,8345.4228,53185.275,17497.955475,1604.753488,8064,true,7975.296,240,233,12708,3685,903,7647,37679.108074,120511.301625
2026-09-27,TXW-007,TXW,West Texas,TXW D1,Established,28,190045,191000,185229.044834,20833.064481,20812.252229,143561.6,145600,142847.363184,0.305,0.305,67268.3282,67996,43786.288,44408,35167.44,33880,12150.96,11820,9846.649243,9679.08,53889.566957,57024.92,-3135.353043,45610.8,23033.454,1596.378,41809.9,18229.1164,49411.7,8498.8124,53212.6,17506.9454,1635.694884,8064,true,7983.36,264,258,13051,3785,977,6250,38342.947074,122776.6718
2026-09-27,TXW-008,TXW,West Texas,TXW D1,Established,28,193500,193500,188046.64723,20998.542274,20894.071914,147361.7,148700,150215.800204,0.3095,0.308,67262.535,68886,45608.44615,45799.6,34634.88,34360,11750.2,11990,9674.542031,9861.66,56811.359119,58473.94,-1662.580881,40635,20398.77,1544.13,42570,18475.38,50310,8653.32,59985,19735.065,1610.924651,8064,true,7991.424,288,283,13397,3885,1053,6594,38339.64495,126237.465
2026-09-27,TXW-009,TXW,West Texas,TXW D1,Established,28,196980,196000,190872.093023,20492.531306,20974.955277,151192.8,151800,153495.228426,0.314,0.311,68428.8822,69776,47474.5392,47209.8,35292.92,34840,12014.08,12160,9972.031978,10044.24,58624.389422,59941.56,-1317.170578,42350.7,21132.9993,1736.3787,43335.6,18720.9792,51214.8,8808.9456,60078.9,19765.9581,1641.531163,8064,true,7999.488,312,308,13745,3986,717,6722,39004.462854,128551.1178
2026-09-27,TXW-010,TXW,West Texas,TXW D1,Established,28,200485,198500,198893.849206,21208.137616,21618.896653,155054.9,154900,156779.474216,0.3185,0.314,70787.2438,70666,49384.98565,48638.6,31558,31000,12280.68,12330,10274.883835,10226.82,66058.665615,65747.78,310.885615,44106.7,23067.8041,749.8139,44106.7,18965.881,52126.1,8965.6892,60145.5,19787.8695,1467.813953,8064,true,8007.552,336,318,14096,4088,789,7253,40348.728966,129697.7562
2026-09-27,TXW-011,TXW,West Texas,TXW D1,Established,28,204015,201000,201795.252226,22587.309482,22931.278662,158948,158000,160068.479355,0.308,0.302,72452.867025,71556,48955.984,47716,32204.04,31480,12550,12500,10583.140568,10409.4,66071.670457,64882.6,1189.070457,45903.375,23869.755,918.0675,44883.3,19658.8854,53043.9,9123.5508,60184.425,19800.675825,1497.862326,8064,true,8015.616,240,228,14450,4190,863,8041,41298.134204,131562.132975
2026-09-27,TXW-012,TXW,West Texas,TXW D1,Established,28,207570,203500,204704.142012,22747.460275,23000.465395,162872.1,161100,163362.18656,0.296,0.305,73679.0472,72446,48210.1416,49135.5,32854.88,31960,10929.6,10800,10896.845144,10591.98,67207.863656,68229.52,-1021.656344,47741.1,24682.1487,1098.0453,45665.4,19910.1144,53968.2,9282.5304,60195.3,19804.2537,1528.133953,8064,true,8023.68,264,252,14807,4294,940,8417,41997.056904,133890.9528
2026-09-27,TXW-013,TXW,West Texas,TXW D1,Converted,28,211150,206000,0,22462.765957,0,166827.2,164200,0,0.3005,0.308,74906.51825,73336,50131.5736,50573.6,33510.52,32440,11189.4,10970,11216.040528,10774.56,69122.131322,69725.04,-602.908678,49620.25,25504.8085,1290.1265,46453,20160.602,54899,9442.628,60177.75,19798.47975,1558.628837,8064,true,7934.976,288,277,15166,4398,1020,6739,42696.715402,136243.48175
2026-09-27,TXW-014,TXW,West Texas,TXW D1,Converted,28,214755,208500,0,22846.276596,0,159938.8,167300,0,0.305,0.311,76134.9426,74226,48781.334,52030.3,34170.96,32920,11451.92,11140,11016.597038,10957.14,68276.799562,71239.16,-2962.360438,51541.2,26337.5532,1494.6948,47246.1,20410.3152,55836.3,9603.8436,60131.4,19783.2306,1589.346977,8064,true,7943.04,312,301,14540,4217,1033,7174,43396.917282,138620.0574
2026-09-27,TXW-015,TXW,West Texas,TXW D1,New,21,134306.775,129765,0,14287.954787,0,122815.8,127800,0,0.3095,0.314,46737.414632,46196.34,38011.4901,40129.2,25250.4,25050,8312.85,8482.5,7647.846129,7927.515,43537.808603,44865.525,-1327.716397,28204.42275,14327.846757,902.541528,29547.4905,12705.420915,34919.7615,6006.198978,41635.10025,13697.947982,1174.437209,6048,true,5963.328,336,326,11165,3238,835,4686,26640.32634,87569.360368
2026-09-27,TXW-016,TXW,West Texas,TXW D2,Established,28,222040,213500,216413.255361,24715.377459,24592.415382,167601,173500,170153.299492,0.299,0.302,77714,76006,50112.699,52397,34320.44,33880,11342.24,11480,11110.961092,11322.3,71053.057908,71720.7,-667.642092,47738.6,24107.993,1670.851,48848.8,21395.7744,57730.4,9929.6288,67722.2,22280.6038,1596.299535,8064,true,7959.168,240,234,15236,4419,1198,8453,44296.98,144326
2026-09-27,TXW-017,TXW,West Texas,TXW D2,Established,28,225720,216000,219358.600583,24080.151997,24647.033773,171478.6,176600,173385.844287,0.3035,0.305,78952.3416,76896,52043.7551,53863,34978.48,34360,11603.4,11650,11424.807024,11504.88,72989.409676,73244.12,-254.710324,49658.4,24928.5168,1887.0192,49658.4,21651.0624,58687.2,10094.1984,67716,22278.564,1626.906047,8064,true,7967.232,264,259,15589,4521,814,8573,45002.834712,146767.6584
2026-09-27,TXW-018,TXW,West Texas,TXW D2,Established,28,210852.5,218500,204314.437984,22270.27374,22701.60422,175387.2,179700,176623.564955,0.308,0.308,73699.274325,77786,54019.2576,55347.6,35641.32,34840,11867.28,11820,11458.055655,11687.46,68751.87627,74786.14,-6034.26373,47441.8125,23673.464437,1945.114312,46387.55,20132.1967,54821.65,9429.3238,62201.4875,20464.289388,1657.735814,8064,true,7975.296,288,284,15944,4624,892,8240,42008.586365,137153.225675
2026-09-27,TXW-019,TXW,West Texas,TXW D2,Established,28,214370,221000,212668.650794,23019.628685,23370.181406,179326.8,182800,179866.399198,0.3125,0.311,76199.9602,78676,56039.625,56850.8,31868,31000,12133.88,11990,11779.51045,11870.04,76458.19475,80666.76,-4208.56525,49305.1,25786.5673,838.1867,47161.4,20373.7248,55736.2,9586.6264,62167.3,20453.0417,1482.232558,8064,true,7983.36,312,295,16302,4728,974,6906,43433.977314,138170.0398
2026-09-27,TXW-020,TXW,West Texas,TXW D2,Established,28,217912.5,223500,215541.543027,23170.715875,23428.42859,125222,127000,125096.903097,0.283,0.314,77421.042562,79566,35437.826,39878,32518.84,31480,12403.2,12160,9333.95078,9296.1,58602.877782,66507.9,-7905.022217,51209.4375,26628.9075,1024.18875,47940.75,20614.5225,56657.25,9745.047,62105.0625,20432.565562,1512.504186,8064,true,7991.424,336,320,11384,3301,723,7276,44129.994261,140491.457438
2026-09-27,TXW-021,TXW,West Texas,TXW D2,Established,28,221480,226000,218422.09073,24646.947283,24820.692128,128929.1,130100,128287.661692,0.3065,0.302,79130.3744,80456,39516.76915,39290.2,33174.48,31960,12675.24,12330,9625.432478,9478.68,63171.991072,65977.52,-2805.528928,53155.2,27481.2384,1222.5696,48725.6,21341.8128,57584.8,9904.5856,62014.4,20402.7376,1542.99907,8064,true,7999.488,240,229,11721,3399,789,8084,45104.313408,142349.6256
2026-09-27,TXW-022,TXW,West Texas,TXW D2,Established,28,225072.5,228500,221310.226155,24791.718593,24866.317546,132667.2,133200,135236.697248,0.311,0.305,78903.666325,81346,41259.4992,40626,32699.52,32440,12250,12500,9493.187396,9661.26,65720.458129,67370.74,-1650.281871,47265.225,24294.32565,1228.89585,49515.95,21588.9542,58518.85,10065.2422,69772.475,22955.144275,1520.907907,8064,true,8007.552,264,254,12061,3498,857,8479,44975.089805,146168.833675
2026-09-27,TXW-023,TXW,West Texas,TXW D2,Established,28,228690,231000,224205.882353,24936.676471,24911.764706,136436.3,136300,138514.010152,0.299,0.308,80135.2629,82236,40794.4537,41980.4,33347.96,32920,10670.4,10800,9783.16068,9843.84,67128.19592,70652.56,-3524.36408,49168.35,25125.02685,1425.88215,50311.8,21835.3212,59459.4,10227.0168,69750.45,22947.89805,1551.067907,8064,true,8015.616,288,278,12403,3597,928,8877,45677.099853,148554.7371
2026-09-27,TXW-024,TXW,West Texas,TXW D2,Established,28,175120,176000,171182.795699,18905.352712,18811.296231,140236.4,139400,141796.157735,0.3035,0.311,61330.5264,62656,42561.7474,43353.4,34001.2,33400,10926.12,10970,9197.366086,9163.92,49767.587714,52475.48,-2707.892286,38526.4,19571.4112,1232.8448,38526.4,16643.4048,45531.2,7831.3664,52536,17284.344,1581.451163,8064,true,8023.68,312,303,12749,3697,1002,6995,34958.400048,113789.4736
2026-09-27,TXW-025,TXW,West Texas,TXW D2,Established,28,178500,178500,173976.608187,18475.559369,18910.50089,144067.5,142500,145083.081571,0.308,0.314,62475,63546,44372.79,44745,34659.24,33880,11184.56,11140,9493.56408,9346.5,51510.42592,53924.5,-2414.07408,40162.5,20282.0625,1405.6875,39270,16886.1,46410,7982.52,52657.5,17324.3175,1612.057674,8064,true,7934.976,336,328,13097,3798,684,5543,35610.75,116025
2026-09-27,TXW-026,TXW,West Texas,TXW D2,Established,28,181905,181000,176778.425656,19706.776769,20088.457461,147929.6,145600,148374.724173,0.2975,0.302,64021.46475,64436,44009.056,43971.2,35322.08,34360,11445.72,11310,9795.152629,9529.08,51467.568121,53208.12,-1740.551879,41838.15,21002.7513,1589.8497,40019.1,17528.3658,47295.3,8134.7916,52752.45,17355.55605,1642.887442,8064,true,7943.04,240,235,13448,3900,753,6188,36492.234907,117883.53525
2026-09-27,TXW-027,TXW,West Texas,TXW D2,Established,28,185335,183500,179588.178295,19875.770294,20178.446999,142157.2,148700,142015.184815,0.302,0.305,65176.75945,65326,42931.4744,45353.5,35989.72,34840,11709.6,11480,9640.743728,9711.66,50768.170122,54647.84,-3879.669878,43553.725,21733.308775,1785.702725,40773.7,17777.3332,48187.1,8288.1812,52820.475,17377.936275,1673.940465,8064,true,7951.104,264,260,12923,3748,772,6519,37150.752886,120158.24055
2026-09-27,TXW-028,TXW,West Texas,TXW D2,Converted,28,188790,186000,0,20084.042553,0,145879.8,151800,0,0.3065,0.308,67556.6136,66216,44712.1587,46754.4,32178,31000,11976.2,11650,9939.06412,9894.24,58175.50818,60426.16,-2250.65182,45309.6,23696.9208,770.2632,41533.8,18025.6692,49085.4,8442.6888,52861.2,17391.3348,1496.651163,8064,true,7959.168,288,272,13262,3846,842,6869,38507.269752,121233.3864
2026-09-27,TXW-029,TXW,West Texas,TXW D2,Converted,28,192270,188500,0,20454.255319,0,149633.4,154900,0,0.311,0.311,67477.1565,67106,46535.9874,48173.9,31731.84,31480,11583.6,11820,9758.803362,10076.82,60938.900538,61903.08,-964.179462,40376.7,20995.884,807.534,42299.4,18273.3408,49990.2,8598.3144,59603.7,19609.6173,1475.899535,8064,true,7967.232,312,297,13603,3945,915,7282,38461.979205,124792.8435
2026-09-27,TXW-030,TXW,West Texas,TXW D2,New,21,120401.625,117465,0,12808.683511,0,115063.5,118500,0,0.3155,0.314,42239.298082,41817.54,36302.53425,37209,24281.61,23970,8884.59,8992.5,7134.679167,7307.775,38240.953165,38756.265,-515.311835,25886.349375,13383.242627,595.386036,26488.3575,11389.993725,31304.4225,5384.36067,36722.495625,12081.701061,1129.377209,6048,false,5981.472,336,321,10460,3033,743,4739,24076.399907,78162.326918
2026-09-27,TXW-031,TXW,West Texas,TXW D3,Established,28,199305,193500,195973.451327,22291.980088,22269.710378,157233.6,161100,158982.406471,0.305,0.302,70326.7623,68886,47956.248,48652.2,33023.92,32440,12111.36,12160,10357.703294,10441.98,62790.027006,62496.22,293.807006,43847.1,22537.4094,1140.0246,43847.1,19205.0298,51819.3,8912.9196,59791.5,19671.4035,1535.996279,8064,true,7983.36,240,231,14294,4145,1069,6688,40086.254511,128978.2377
2026-09-27,TXW-032,TXW,West Texas,TXW D3,Established,28,202860,196000,198882.352941,22458.06345,22346.331791,161080.2,164200,162215.70997,0.3095,0.305,71542.6362,69776,49854.3219,50081,33677.16,32920,12379.32,12330,10665.174643,10624.56,64675.303457,63982.44,692.863457,45643.5,23323.8285,1323.6615,44629.2,19458.3312,52743.6,9071.8992,59843.7,19688.5773,1566.379535,8064,true,7620.48,264,255,14644,4247,1151,7052,40779.302634,131317.3638
2026-09-27,TXW-033,TXW,West Texas,TXW D3,Established,28,206440,198500,201798.631476,21906.36255,22422.070164,164957.8,167300,165454.162487,0.314,0.308,72759.778,70666,51796.7492,51528.4,34335.2,33400,12650,12500,10978.050868,10807.14,66593.276332,65487.26,1106.016332,47481.2,24120.4496,1519.3984,45416.8,19710.8912,53674.4,9231.9968,59867.6,19696.4404,1596.986047,8064,true,7999.488,288,280,14996,4349,783,7185,41473.07346,133680.222
2026-09-27,TXW-034,TXW,West Texas,TXW D3,Established,28,210045,201000,204722.222222,22069.505495,22496.947497,168866.4,170400,168697.702298,0.302,0.311,73977.849,71556,50997.6528,52994.4,34998.04,33880,11016,10800,11296.374936,10989.72,67665.086864,68880.68,-1215.593136,49360.575,24927.090375,1727.620125,46209.9,19962.6768,54611.7,9393.2124,59862.825,19694.869425,1627.815814,8064,true,8007.552,312,305,15351,4452,859,7548,42167.37393,136067.151
2026-09-27,TXW-035,TXW,West Texas,TXW D3,Established,28,196377.5,203500,190843.051506,20432.652797,20743.809946,172806,173500,171946.268657,0.3065,0.314,69109.1698,72446,52965.039,54479,35665.68,34360,11277.16,10970,11353.808312,11172.3,63777.560488,70422.7,-6645.139512,47130.6,23659.5612,1790.9628,43203.05,18577.3115,51058.15,8782.0018,54985.7,18090.2953,1658.868837,8064,true,8015.616,336,330,15710,4556,939,7274,39392.226786,127268.3302
2026-09-27,TXW-036,TXW,West Texas,TXW D3,Established,28,199820,206000,193624.031008,21760.700758,22002.730796,176776.6,176600,180200.407747,0.296,0.302,69509.3852,73336,52325.8736,53333.2,35118.72,34840,10917.2,11140,11108.188938,11354.88,64691.149862,69334.32,-4643.170138,41962.2,20939.1378,1720.4502,43960.4,19254.6552,51953.2,8935.9504,61944.2,20379.6418,1633.428837,8064,true,8023.68,240,237,16071,4660,1021,8051,39620.349564,130310.6148
2026-09-27,TXW-037,TXW,West Texas,TXW D3,Established,28,203287.5,208500,201674.107143,22501.391954,22660.012039,180778.2,179700,183531.167513,0.3005,0.305,71847.901125,74226,54323.8491,54808.5,31403,31000,11174.28,11310,11426.900654,11537.46,72167.569571,75187.04,-3019.470429,43706.8125,22858.662938,743.015813,44723.25,19499.337,52854.75,9091.017,62002.6875,20398.884187,1460.604651,8064,true,7934.976,264,250,16434,4766,1106,6750,40953.303641,131439.598875
2026-09-27,TXW-038,TXW,West Texas,TXW D3,Established,28,206780,211000,204530.16815,22657.397516,22725.574239,184810.8,182800,186866.329626,0.305,0.308,73055.374,75116,56367.294,56302.4,32046.64,31480,11434.08,11480,11751.131823,11720.04,74190.816177,76738.36,-2547.543823,45491.6,23655.632,909.832,45491.6,19743.3544,53762.8,9247.2016,62034,20409.186,1490.541395,8064,true,7943.04,288,274,16801,4872,1194,7114,41641.56318,133724.626
2026-09-27,TXW-039,TXW,West Texas,TXW D3,Established,28,210297.5,213500,207393.984221,22813.338264,22790.547717,129032,127000,129941.591138,0.2755,0.311,74264.45915,76006,35548.316,39497,32695.08,31960,11696.6,11650,9279.343612,9146.1,56141.751538,62746.9,-6605.148462,47316.9375,24462.856687,1088.289562,46265.45,19986.6744,54677.35,9404.5042,62037.7625,20410.423863,1520.701395,8064,true,7951.104,312,298,11730,3402,878,7483,42330.741715,136033.04085
2026-09-27,TXW-040,TXW,West Texas,TXW D3,Established,28,213840,216000,210265.486726,22969.21893,22854.944209,124375.6,130100,124749.849549,0.314,0.314,75474.828,76896,39053.9384,40851.4,33348.32,32440,11961.84,11820,9173.365617,9328.68,60045.240783,64158.72,-4113.479217,49183.2,25280.1648,1278.7632,47044.8,20229.264,55598.4,9562.9248,62013.6,20402.4744,1551.084651,8064,true,7959.168,336,323,11307,3279,889,7855,43020.65196,138365.172
2026-09-27,TXW-041,TXW,West Texas,TXW D3,Established,28,217407.5,218500,213144.607843,23663.895666,24220.978164,128005.2,133200,127877.322677,0.3035,0.302,77164.443975,77786,38849.5782,40226.4,34006.36,32920,12229.8,11990,9459.043748,9511.26,60318.818427,63591.14,-3272.321573,51090.7625,26107.379637,1481.632112,47829.65,20949.3867,56525.95,9722.4634,61961.1375,20385.214237,1581.691163,8064,true,7967.232,240,232,11637,3375,608,8424,43983.733066,140243.056025
2026-09-27,TXW-042,TXW,West Texas,TXW D3,Established,28,221000,221000,216031.280547,23811.987215,24273.17759,131665.8,136300,131010.746269,0.308,0.305,78384.28,78676,40553.0664,41571.5,34669.2,33400,12500.48,12160,9749.954892,9693.84,62017.711508,64993.66,-2975.948492,53040,26944.32,1697.28,48620,21198.32,57460,9883.12,61880,20358.52,1612.52093,8064,true,7975.296,264,256,11970,3471,670,8810,44679.0396,142615.72
2026-09-27,TXW-043,TXW,West Texas,TXW D3,Converted,28,224617.5,223500,0,23895.478723,0,135357.4,139400,0,0.3125,0.308,78220.7982,79566,42299.1875,42935.2,34151.04,33880,12083.4,12330,9608.396182,9876.42,64677.149518,66414.78,-1737.630482,47169.675,23820.685875,1650.938625,49415.85,21446.4789,58400.55,10044.8946,69631.425,22908.738825,1588.420465,8064,true,7983.36,288,281,12305,3569,735,7169,44585.854974,146396.7018
2026-09-27,TXW-044,TXW,West Texas,TXW D3,Converted,28,228260,226000,0,24282.978723,0,139080,142500,0,0.317,0.311,79442.4691,80456,44088.36,44317.5,34806.68,34360,12350,12500,9897.86336,10059,66476.28574,67854.5,-1378.21426,49075.9,24636.1018,1864.8842,50217.2,21693.8304,59347.6,10207.7872,69619.3,22904.7497,1618.915349,8064,true,7991.424,312,306,12644,3667,803,7625,45282.207387,148817.5309
2026-09-27,TXW-045,TXW,West Texas,TXW D3,New,21,142635.4125,140527.5,0,15173.980053,0,107125.2,109200,0,0.305,0.314,49608.596467,50027.79,32673.186,34288.8,26600.34,26130,8067.6,8100,7162.266873,7218.4725,40451.575594,42868.1175,-2416.541906,31379.79075,15658.515584,1286.571421,31379.79075,13493.310022,37085.20725,6378.655647,42790.62375,14078.115214,1237.225116,6048,true,5999.616,336,331,9739,2824,655,4977,28276.899986,93026.816032
2026-09-27,TXW-046,TXW,West Texas,TXW D4,Established,28,235620,231000,233750,26482.8125,26562.5,146618.2,148700,147651.762336,0.2945,0.302,83835.9522,82236,43179.0599,44907.4,31713,31000,11013.88,10970,10492.625651,10424.16,73795.506449,74749.24,-953.733551,53014.5,27726.5835,901.2465,51836.4,22704.3432,61261.2,10536.9264,69507.9,22868.0991,1475.023256,8064,true,8007.552,240,227,13329,3865,947,9057,47786.492754,151784.0478
2026-09-27,TXW-047,TXW,West Texas,TXW D4,Established,28,180400,176000,178437.1909,20069.171696,20049.122573,150433.8,151800,150886.459378,0.299,0.305,64159.26,62656,44979.7062,46299,32361.44,31480,11273.68,11140,9890.369196,9744.24,55613.477004,56590.76,-977.282996,41492,21575.84,829.84,39688,17303.968,46904,8067.488,52316,17211.964,1505.183256,8064,true,8015.616,264,251,13676,3966,1023,7145,36570.7782,116240.74
2026-09-27,TXW-048,TXW,West Texas,TXW D4,Established,28,183855,178500,181316.568047,20247.016765,20146.285339,154280.4,154900,154126.273726,0.3035,0.308,65353.0983,63546,46824.1014,47709.2,33014.68,31960,11536.2,11310,10196.713296,9926.82,57429.606404,58058.38,-628.773596,43205.925,22337.463225,993.736275,40448.1,17554.4754,47802.3,8221.9956,52398.675,17239.164075,1535.566512,8064,true,8023.68,288,275,14025,4067,1102,7491,37251.266031,118501.9017
2026-09-27,TXW-049,TXW,West Texas,TXW D4,Established,28,187335,181000,184203.539823,19776.577847,20242.147233,158158,158000,157371.144279,0.308,0.311,66548.8854,64436,48712.664,49138,33672.72,32440,11801.44,11480,10508.490916,10109.4,59278.898484,59544.6,-265.701516,44960.4,23109.6456,1168.9704,41213.7,17804.3184,48707.1,8377.6212,52453.8,17257.3002,1566.173023,8064,true,7934.976,312,300,14378,4170,751,5933,37932.864678,120786.1146
2026-09-27,TXW-050,TXW,West Texas,TXW D4,Established,28,190840,183500,187098.039216,19950.345269,20336.743393,162066.6,161100,165205.504587,0.3125,0.314,66530.6408,65326,50645.8125,50585.4,33183.36,32920,11417,11650,10301.621638,10291.98,62274.471662,61049.42,1225.051662,40076.4,20479.0404,1162.2156,41984.8,18053.464,49618.4,8534.3648,59160.4,19463.7716,1543.412093,8064,true,7943.04,336,325,14733,4273,825,6264,37922.465256,124309.3592
2026-09-27,TXW-051,TXW,West Texas,TXW D4,Established,28,194370,186000,190000,21267.045455,21590.909091,166006.2,164200,168534.213198,0.302,0.302,68154.86865,66216,50133.8724,49588.4,33834.2,33400,11678.16,11820,10611.65453,10474.56,62164.72652,60109.84,2054.88652,41789.55,21229.0914,1337.2656,42761.4,18729.4932,50536.2,8692.2264,59282.85,19504.05765,1573.683721,8064,true,7951.104,240,233,15091,4377,902,6976,38848.27513,126215.13135
2026-09-27,TXW-052,TXW,West Texas,TXW D4,Established,28,181902.5,188500,177292.88499,19701.422838,19920.548875,169976.8,167300,171867.340748,0.3065,0.305,63745.9121,67106,52097.8892,51026.5,34489.84,33880,11942.04,11990,10680.403087,10657.14,58731.518213,61605.36,-2873.841787,40018.55,20209.36775,1400.64925,40018.55,17448.0878,47294.65,8134.6798,54570.75,17953.77675,1604.178605,8064,true,7959.168,264,258,15452,4481,981,6738,36335.169897,118156.5879
2026-09-27,TXW-053,TXW,West Texas,TXW D4,Established,28,185270,191000,180048.590865,19865.361192,20005.398985,162902.4,170400,164050.755287,0.311,0.308,64882.48035,67996,50662.6464,52483.2,35150.28,34360,12208.64,12160,10479.596758,10839.72,57706.609992,63119.48,-5412.870008,41685.75,20926.2465,1584.0585,40759.4,17689.5796,48170.2,8285.2744,54654.65,17981.37985,1634.896744,8064,true,7967.232,288,283,14809,4295,996,7072,36983.013799,120387.51965
2026-09-27,TXW-054,TXW,West Texas,TXW D4,Established,28,188662.5,193500,182812.5,20029.017857,20089.285714,166733.5,173500,167235.205617,0.3155,0.311,66020.55525,68886,52604.41925,53958.5,35815.52,34840,12477.96,12330,10788.228913,11022.3,59543.265587,64652.2,-5108.934413,43392.375,21652.795125,1779.087375,41505.75,17930.484,49052.25,8436.987,54712.125,18000.289125,1665.83814,8064,true,7975.296,312,308,15158,4396,1077,7411,37631.716492,122641.94475
2026-09-27,TXW-055,TXW,West Texas,TXW D4,Established,28,192080,196000,190555.555556,20733.272947,20712.560386,170595.6,176600,170425.174825,0.32,0.314,68378.5592,69776,54590.592,55452.4,32023,31000,12750,12500,11102.265944,11204.88,67093.885256,70523.52,-3429.634744,45138.8,23607.5924,767.3596,42257.6,18170.768,49940.8,8589.8176,54742.8,18010.3812,1489.44186,8064,true,7983.36,336,318,15509,4498,1160,6220,38975.778744,123701.4408
2026-09-27,TXW-056,TXW,West Texas,TXW D4,Established,28,195522.5,198500,193395.153314,22086.605577,21976.721967,174488.7,179700,173620.597015,0.293,0.302,69997.055,70666,51125.1891,54269.4,32676.24,31480,11102.4,10800,11421.750817,11387.46,65921.853283,71267.94,-5346.086717,46925.4,24401.208,938.508,43014.95,18840.5481,50835.85,8743.7662,54746.3,18011.5327,1519.825116,8064,true,7991.424,240,228,15863,4600,1247,6935,39898.32135,125525.445
2026-09-27,TXW-057,TXW,West Texas,TXW D4,Established,28,198990,201000,196242.60355,21542.586929,22049.730736,178412.8,182800,181868.297655,0.2975,0.305,69885.288,71556,53077.808,55754,32215.68,31960,10750.6,10970,11169.739504,11570.04,68827.076496,72809.96,-3982.883504,41787.9,21604.3443,961.1217,43777.8,19087.1208,51737.4,8898.8328,61686.9,20294.9901,1498.403721,8064,true,7999.488,264,252,16219,4704,847,7066,39834.61416,129104.712
2026-09-27,TXW-058,TXW,West Texas,TXW D4,Converted,28,202482.5,203500,0,21540.691489,0,124587,127000,0,0.268,0.308,71082.494038,72446,33389.316,39116,32861.72,32440,11006.32,11140,8835.777104,8996.1,51767.992933,58985.9,-7217.907067,43533.7375,22376.341075,1131.877175,44546.15,19333.0291,52645.45,9055.0174,61757.1625,20318.106463,1528.452093,8064,true,8007.552,288,277,11326,3285,634,7367,40517.021601,131400.005962
2026-09-27,TXW-059,TXW,West Texas,TXW D4,Converted,28,206000,206000,0,21914.893617,0,128278.6,130100,0,0.3065,0.311,72281.28,73336,39317.3909,40461.1,33512.56,32920,11264.76,11310,9118.626224,9178.68,57702.724676,60388.42,-2685.695324,45320,23158.52,1314.28,45320,19578.24,53560,9212.32,61800,20332.2,1558.723721,8064,false,8015.616,312,301,11662,3382,697,7802,41200.3296,133718.72
2026-09-27,TXW-060,TXW,West Texas,TXW D4,New,21,128868.6375,128227.5,0,13709.429521,0,99000.9,99900,0,0.311,0.314,45191.009455,45648.99,30789.2799,31368.6,25626.15,25050,8644.44,8610,6619.403152,6598.7325,35090.296203,36758.8575,-1668.561297,28995.443437,14729.685266,927.85419,28351.10025,12190.973107,33505.84575,5763.005469,38016.248062,12507.345613,1191.913953,6048,true,6017.76,336,326,9000,2610,572,5072,25758.87539,83677.628045
2026-09-27,TXW-061,TXW,West Texas,TXW D5,Established,28,213110,211000,207709.551657,23438.134636,23603.358143,135754.8,136300,136163.28987,0.3005,0.302,75151.1104,75116,40794.3174,41162.6,34828.64,33880,11789.8,11650,9700.109434,9543.84,59626.878366,61204.76,-1577.881634,49015.3,24752.7265,1715.5355,46884.2,20535.2796,55408.6,9530.2792,61801.9,20332.8251,1619.936744,8064,true,7934.976,240,234,12341,3579,830,7031,42836.132928,137958.8896
2026-09-27,TXW-062,TXW,West Texas,TXW D5,Established,28,216702.5,213500,210595.238095,23591.399144,23662.386303,139539.4,139400,139400,0.305,0.305,76360.543437,76006,42559.517,42517,35493.88,34360,12056.4,11820,9998.829456,9726.42,61370.950981,62616.58,-1245.629019,50925.0875,25564.393925,1935.153325,47674.55,20786.1038,56342.65,9690.9358,61760.2125,20319.109913,1650.87814,8064,true,7943.04,264,259,12685,3679,901,7408,43525.509759,140341.956562
2026-09-27,TXW-063,TXW,West Texas,TXW D5,Established,28,220320,216000,213488.372093,23744.651163,23720.930233,143355,142500,142641.791045,0.3095,0.308,77570.2656,76896,44368.3725,43890,36163.92,34840,12325.72,11990,10302.92571,9909,63146.07239,64047,-900.92761,52876.8,26385.5232,2167.9488,48470.4,21036.1536,57283.2,9852.7104,61689.6,20295.8784,1682.042791,8064,true,7620.48,288,284,13032,3779,975,7788,44215.051392,142749.7344
2026-09-27,TXW-064,TXW,West Texas,TXW D5,Established,28,223962.5,218500,222185.019841,24538.015928,24415.936246,147201.6,145600,150052.599388,0.314,0.311,78740.73575,77786,46221.3024,45281.6,31248,31000,11916.8,12160,10136.391188,10091.58,71660.846962,69816.02,1844.826962,47032.125,24597.801375,799.546125,49271.75,21285.396,58230.25,10015.603,69428.375,22841.935375,1453.395349,8064,true,7959.168,312,295,13382,3881,1052,8392,44882.219377,145221.76425
2026-09-27,TXW-065,TXW,West Texas,TXW D5,Established,28,227630,221000,225153.313551,23910.302972,24473.186256,151079.2,148700,153379.898477,0.3185,0.314,80003.97795,78676,48118.7252,46691.8,31889.24,31480,12182.04,12330,10438.828646,10274.16,73612.594504,71283.64,2328.954504,48940.45,25449.034,978.809,50078.6,21533.798,59183.8,10179.6136,69427.15,22841.53235,1483.220465,8064,true,7967.232,336,320,13734,3983,717,8512,45602.267431,147626.02205
2026-09-27,TXW-066,TXW,West Texas,TXW D5,Established,28,231322.5,223500,228128.698225,25431.165109,25923.715707,145120.8,151800,146734.883721,0.308,0.302,81777.1302,79566,44697.2064,45843.6,32535.28,31960,12450,12500,10289.296063,10456.74,71199.760537,70492.86,706.900537,50890.95,26310.62115,1170.49185,50890.95,22290.2361,60143.85,10344.7422,69396.75,22831.53075,1513.268837,8064,true,7975.296,240,229,13193,3826,738,9410,46612.964214,149545.3698
2026-09-27,TXW-067,TXW,West Texas,TXW D5,Established,28,235040,226000,231111.111111,25578.027466,25967.540574,148858.9,154900,149908.257805,0.296,0.305,83050.2088,80456,44062.2344,47244.5,33186.12,32440,10843.2,10800,10588.594262,10639.32,72494.528938,73821.18,-1326.651062,52884,27182.376,1374.984,51708.8,22545.0368,61110.4,10510.9888,69336.8,22811.8072,1543.540465,8064,true,7983.36,264,254,13533,3924,808,7673,47338.619016,151989.7912
2026-09-27,TXW-068,TXW,West Texas,TXW D5,Established,28,238782.5,228500,234100.490196,25725.042756,26011.165577,152628,158000,153087.261785,0.3005,0.308,84323.65205,81346,45864.714,48664,33841.76,32920,11101.64,10970,10893.197084,10821.9,74351.768966,75298.1,-946.331034,54919.975,28064.107225,1592.679275,52532.15,22798.9531,62083.45,10678.3534,69246.925,22782.238325,1574.035349,8064,true,7991.424,288,278,13875,4024,881,8078,48064.481668,154458.84795
2026-09-27,TXW-069,TXW,West Texas,TXW D5,Established,28,222915,231000,217903.225806,23777.791563,23945.409429,156428.1,161100,156271.828172,0.305,0.311,78667.818075,82236,47710.5705,50102.1,34502.2,33400,11362.8,11140,10900.768494,11004.48,69612.620081,76793.62,-7180.999919,52385.025,26611.5927,1676.3208,49041.3,21185.8416,57957.9,9968.7588,63530.775,20901.624975,1604.753488,8064,true,7999.488,312,303,14221,4124,957,7799,44840.656303,144247.181925
2026-09-27,TXW-070,TXW,West Texas,TXW D5,Established,28,170720,176000,166393.762183,18032.019663,18086.278498,160259.2,164200,159461.890547,0.3095,0.314,60202.7008,62656,49600.2224,51558.8,35167.44,33880,11626.68,11310,10353.901958,10324.56,52654.901242,58700.24,-6045.338758,40972.8,20691.264,1434.048,37558.4,16150.112,44387.2,7634.5984,47801.6,15726.7264,1635.694884,8064,true,8007.552,336,328,14569,4225,1035,6167,34315.539456,110517.2992
2026-09-27,TXW-071,TXW,West Texas,TXW D5,Established,28,174037.5,178500,169132.653061,19238.839286,19219.619666,164121.3,167300,167300,0.299,0.302,60650.328375,63546,49072.2687,50524.6,34634.88,34360,11250.4,11480,10136.208159,10507.14,53701.108916,57723.46,-4022.351084,36547.875,18347.03325,1388.81925,38288.25,16770.2535,45249.75,7782.957,53951.625,17750.084625,1610.924651,8064,true,8015.616,240,235,14920,4327,1116,6849,34570.687174,113387.171625
2026-09-27,TXW-072,TXW,West Texas,TXW D5,Established,28,177380,181000,171879.844961,19408.903841,19312.34213,168014.4,170400,170572.994924,0.3035,0.305,61776.1326,64436,50992.3704,51972,35292.92,34840,11510.2,11650,10442.168845,10689.72,55523.214155,59228.28,-3705.065845,38136.7,19030.2133,1563.6047,39023.6,17014.2896,46118.8,7932.4336,54100.9,17799.1961,1641.531163,8064,true,8023.68,264,260,15274,4429,1200,7181,35212.395582,115603.8674
2026-09-27,TXW-073,TXW,West Texas,TXW D5,Converted,28,180747.5,183500,0,19228.457447,0,171938.5,173500,0,0.308,0.308,63977.3851,65326,52957.058,53438,31558,31000,11772.72,11820,10753.548729,10872.3,62850.174371,65071.7,-2221.525629,39764.45,20796.80735,675.99565,39764.45,17257.7713,46994.35,8083.0282,54224.25,17839.77825,1467.813953,8064,true,7934.976,288,272,15631,4533,816,5769,36467.109507,116770.1149
2026-09-27,TXW-074,TXW,West Texas,TXW D5,Converted,28,184140,186000,0,19589.361702,0,175893.6,176600,0,0.3125,0.311,65151.4941,66216,54966.75,54922.6,32204.04,31480,12037.96,11990,11070.390778,11054.88,64805.853322,66613.72,-1807.866678,41431.5,21544.38,828.63,40510.8,17500.6656,47876.4,8234.7408,54321.3,17871.7077,1497.862326,8064,true,7943.04,312,297,15990,4637,895,6151,37136.351637,118988.5059
2026-09-27,TXW-075,TXW,West Texas,TXW D5,New,21,115347.8625,115927.5,0,12271.049202,0,134909.775,134775,0,0.317,0.314,40791.618095,41270.19,42766.398675,42319.35,24641.16,23970,9229.44,9120,8154.621425,8046.3825,41532.795345,42453.1575,-920.362155,26530.008375,13716.01433,610.190193,25376.52975,10911.907793,29990.44425,5158.356411,33450.880125,11005.339561,1146.100465,6048,true,5963.328,336,321,12265,3557,733,4025,23251.222314,74556.244406
2026-09-27,TXC-001,TXC,Central Texas,TXC D1,Established,28,178112,176000,175134.709931,19682.753196,19901.671583,127762,127000,127634.365634,0.3065,0.302,63342.86112,62656,39159.053,38354,32023,31000,11016,10800,8842.28268,8583.6,50620.63144,50626.4,-5.76856,41856.32,21514.14848,1088.26432,39184.64,17162.87232,46309.12,7965.16864,50761.92,16700.67168,1489.44186,8064,true,7959.168,240,231,11615,3368,738,6732,36105.430838,114769.13888
2026-09-27,TXC-002,TXC,Central Texas,TXC D1,Established,28,181534.5,178500,177975,19857.210674,19997.191011,131531.1,130100,130876.716418,0.277,0.305,64517.3613,63546,36434.1147,39680.5,32676.24,31480,11277.16,10970,9135.693382,8766.18,47862.382618,52010.32,-4147.937382,43568.28,22263.39108,1263.48012,39937.59,17412.78924,47198.97,8118.22284,50829.66,16722.95814,1519.825116,8064,true,7967.232,264,255,11957,3468,805,7069,36774.895941,117017.1387
2026-09-27,TXC-003,TXC,Central Texas,TXC D1,Established,28,184982,181000,180823.069404,20031.1778,20091.452156,135331.2,133200,137952.293578,0.299,0.308,64534.67034,64436,40464.0288,41025.6,32215.68,31960,10917.2,11140,8996.819216,8948.76,52868.999924,53412.84,-543.840076,38846.22,19733.87976,1243.07904,40696.04,17662.08136,48095.32,8272.39504,57344.42,18866.31418,1498.403721,8064,true,7975.296,288,280,12303,3568,874,7412,36784.762094,120447.32966
2026-09-27,TXC-004,TXC,Central Texas,TXC D1,Established,28,188454.5,183500,183678.849903,20204.673489,20184.489,130302.8,136300,132287.106599,0.3035,0.311,65710.31506,65326,39546.8998,42389.3,32861.72,32440,11174.28,11310,8882.055398,9131.34,52339.159462,54833.96,-2494.800538,40517.7175,20461.447337,1418.120112,41459.99,17910.71568,48998.17,8427.68524,57478.6225,18910.466802,1528.452093,8064,true,7983.36,312,305,11846,3435,886,6061,37454.879584,122744.18494
2026-09-27,TXC-005,TXC,Central Texas,TXC D1,Established,28,191952,186000,186542.274052,20377.715807,20276.334136,133963.4,139400,135453.38726,0.308,0.314,66887.59392,66216,41260.7272,43771.6,33512.56,32920,11434.08,11480,9165.800244,9313.92,54035.880876,56273.68,-2237.799124,42229.44,21199.17888,1604.71872,42229.44,18158.6592,49907.52,8584.09344,57585.6,18945.6624,1558.723721,8064,true,7991.424,336,330,12178,3532,957,6399,38125.928534,125064.40608
2026-09-27,TXC-006,TXC,Central Texas,TXC D1,Established,28,195474.5,188500,189413.275194,21029.178394,21524.235817,137655,142500,138625.377644,0.2975,0.302,68496.219545,67106,40952.3625,43035,34168.2,33400,11696.6,11650,9454.76378,9496.5,54129.018265,55594.5,-1465.481735,43981.7625,21946.899487,1803.252262,43004.39,18835.92282,50823.37,8741.61964,57664.9775,18971.777598,1589.218605,8064,true,7999.488,240,237,12514,3629,653,6898,39042.845141,126978.280455
2026-09-27,TXC-007,TXC,Central Texas,TXC D1,Established,28,199022,191000,197442.460317,21763.039727,22184.546103,141377.6,145600,141803.009027,0.302,0.305,70919.49948,67996,42696.0352,44408,34828.64,33880,11961.84,11820,9748.988973,9679.08,57076.065707,57024.92,51.145707,45775.06,23940.35638,778.17602,43784.84,19090.19024,51745.72,8900.26384,57716.38,18988.68902,1619.936744,8064,true,8007.552,264,250,12853,3727,719,7443,40424.114704,128102.50052
2026-09-27,TXC-008,TXC,Central Texas,TXC D1,Established,28,202594.5,193500,200390.207715,21931.594955,22265.578635,145131.2,148700,144986.213786,0.3065,0.308,72157.070092,68886,44482.7128,45799.6,35493.88,34360,12229.8,11990,10048.518788,9861.66,58867.584104,58473.94,393.644104,47609.7075,24757.0479,952.19415,44570.79,19343.72286,52674.57,9060.02604,57739.4325,18996.273293,1650.87814,8064,true,8015.616,288,274,13194,3826,788,7808,41129.529953,130437.429908
2026-09-27,TXC-009,TXC,Central Texas,TXC D1,Established,28,206192,196000,203345.167653,22099.820968,22345.622819,148915.8,151800,148174.925373,0.311,0.311,73396.10432,69776,46312.8138,47209.8,36163.92,34840,12500.48,12160,10353.396192,10044.24,60691.121928,59941.56,749.561928,49486.08,25584.30336,1138.17984,45362.24,19596.48768,53609.92,9220.90624,57733.76,18994.40704,1682.042791,8064,true,8023.68,312,298,13538,3926,860,8177,41835.779462,132795.89568
2026-09-27,TXC-010,TXC,Central Texas,TXC D1,Established,28,209814.5,198500,206307.276303,22267.731018,22424.703946,152731.4,154900,155689.50051,0.3155,0.314,73277.714125,70666,48186.7567,48638.6,31248,31000,12083.4,12330,10169.730802,10226.82,67963.340023,65747.78,2215.560023,44061.045,22647.37713,1145.58717,46159.19,19848.4517,54551.77,9382.90444,65042.495,21398.980855,1453.395349,8064,true,7934.976,336,323,13885,4027,934,6680,41768.297051,136536.785875
2026-09-27,TXC-011,TXC,Central Texas,TXC D1,Established,28,196377,201000,192526.470588,21812.373997,21878.008021,156578,158000,158962.436548,0.305,0.302,68985.27633,71556,47756.29,47716,31889.24,31480,12350,12500,10209.883376,10409.4,62292.442954,64882.6,-2590.157046,42221.055,21574.959105,1224.410595,43202.94,18922.88772,51058.02,8781.97944,59894.985,19705.450065,1483.220465,8064,true,7943.04,240,232,14234,4128,1011,6849,39321.607508,127391.72367
2026-09-27,TXC-012,TXC,Central Texas,TXC D1,Established,28,199837,203500,195344.086022,21970.722484,21948.77371,160455.6,161100,162240.242669,0.3095,0.305,70162.7707,72446,49661.0082,49135.5,32535.28,31960,10756.8,10800,10515.248682,10591.98,66016.450218,68229.52,-2213.069782,43964.14,22333.78312,1406.85248,43964.14,19168.36504,51957.62,8936.71064,59951.1,19723.9119,1513.268837,8064,true,7951.104,264,256,14587,4230,1091,7206,39992.779299,129674.2293
2026-09-27,TXC-013,TXC,Central Texas,TXC D1,Converted,28,203322,206000,0,21630,0,164364.2,164200,0,0.314,0.308,71341.62336,73336,51610.3588,50573.6,33186.12,32440,11013.88,10970,10826.033187,10774.56,67925.948973,69725.04,-1799.091027,45747.45,23102.46225,1601.16075,44730.84,19413.18456,52863.72,9092.55984,59979.99,19733.41671,1543.540465,8064,false,7959.168,288,281,14942,4333,1174,7397,40664.725315,131980.37664
2026-09-27,TXC-014,TXC,Central Texas,TXC D1,Converted,28,206832,208500,0,22003.404255,0,168303.8,167300,0,0.302,0.311,72521.50416,74226,50827.7476,52030.3,33841.76,32920,11273.68,11140,11142.279856,10957.14,67091.531904,71239.16,-4147.628096,47571.36,23880.82272,1807.71168,45503.04,19657.31328,53776.32,9249.52704,59981.28,19733.84112,1574.035349,8064,true,7967.232,312,306,15300,4437,799,7833,41337.257371,134310.49584
2026-09-27,TXC-015,TXC,Central Texas,TXC D1,New,21,129375.705,129765,0,13763.372872,0,129205.8,127800,0,0.3065,0.314,45326.778247,46196.34,39601.5777,40129.2,25876.65,25050,8652.15,8482.5,8160.670749,7927.515,42238.885198,44865.525,-2626.639802,30403.290675,15171.242047,1246.534918,28462.6551,12238.941693,33637.6833,5785.681528,36872.075925,12130.912979,1203.565116,6048,true,5981.472,336,331,11746,3406,657,5092,25836.263601,84048.926753
2026-09-27,TXC-016,TXC,Central Texas,TXC D2,Established,28,213927,213500,212229.166667,23755.196496,24116.950758,176276,173500,175399.004975,0.296,0.302,76739.89344,76006,52177.696,52397,35167.44,33880,11801.44,11480,11791.331552,11322.3,70157.377888,71720.7,-1563.322112,51342.48,26852.11704,872.82216,47063.94,20614.00572,55621.02,9566.81544,59899.56,19706.95524,1635.694884,8064,true,7983.36,240,227,16025,4647,957,7127,43741.739261,137187.10656
2026-09-27,TXC-017,TXC,Central Texas,TXC D2,Established,28,217512,216000,215145.400593,23907.73047,24173.640516,168829.6,176600,172099.490316,0.3005,0.305,76527.24696,76896,50733.2948,53863,34634.88,34360,11417,11650,11019.613528,11504.88,70189.048232,73244.12,-3055.071768,45677.52,23752.3104,913.5504,47852.64,20863.75104,56553.12,9727.13664,67428.72,22184.04888,1610.924651,8064,true,7991.424,264,251,15348,4451,975,7507,43620.530767,140984.75304
2026-09-27,TXC-018,TXC,Central Texas,TXC D2,Established,28,221122,218500,218069.033531,24060.283366,24229.892615,172691.7,179700,175321.522843,0.305,0.308,77768.6074,77786,52670.9685,55347.6,35292.92,34840,11678.16,11820,11330.446296,11687.46,72138.049604,74786.14,-2648.090396,47541.23,24578.81591,1093.44829,48646.84,21112.72856,57491.72,9888.57584,67442.21,22188.48709,1641.531163,8064,true,7999.488,288,275,15699,4553,1056,7892,44328.106218,143353.3926
2026-09-27,TXC-019,TXC,Central Texas,TXC D2,Established,28,224757,221000,221000,24212.857143,24285.714286,176584.8,182800,178548.837209,0.3095,0.311,79011.07578,78676,54652.9956,56850.8,31558,31000,11942.04,11990,11646.669619,11870.04,78517.361761,80666.76,-2149.398239,49446.54,25415.52156,1285.61004,49446.54,21360.90528,58436.82,10051.13304,67427.1,22183.5159,1467.813953,8064,true,7620.48,312,300,16053,4655,1140,8281,45036.313195,145745.92422
2026-09-27,TXC-020,TXC,Central Texas,TXC D2,Established,28,228417,223500,223938.235294,24365.453645,24341.112532,123317,127000,124186.304129,0.314,0.314,80254.31295,79566,38721.538,39878,32204.04,31480,12208.64,12160,9290.830472,9296.1,65272.340478,66507.9,-1235.559522,51393.825,26262.244575,1490.420925,50251.74,21608.2482,59388.42,10214.80824,67383.015,22169.011935,1497.862326,8064,true,8015.616,336,325,11211,3251,839,8674,45744.958381,148162.68705
2026-09-27,TXC-021,TXC,Central Texas,TXC D2,Established,28,232102,226000,226883.675464,25911.147027,25782.235848,126977.6,130100,127359.679037,0.2695,0.302,82008.59966,80456,34220.4632,39290.2,32854.88,31960,12477.96,12330,9577.617773,9478.68,61318.605087,65977.52,-4658.914913,53383.46,27118.79768,1708.27072,51062.44,22365.34872,60346.52,10379.60144,67309.58,22144.85182,1528.133953,8064,true,8023.68,240,233,11543,3348,907,9587,46744.901806,150093.40034
2026-09-27,TXC-022,TXC,Central Texas,TXC D2,Established,28,235812,228500,229836.25731,25230.339707,25824.298574,130669.2,133200,130538.661339,0.308,0.305,83260.50096,81346,40246.1136,40626,33510.52,32440,12750,12500,9869.652408,9661.26,67376.442152,67370.74,5.702152,55415.82,27984.9891,1939.5537,51878.64,22619.08704,61311.12,10545.51264,67206.42,22110.91218,1558.628837,8064,true,7934.976,264,258,11879,3445,620,7569,47458.485547,152551.49904
2026-09-27,TXC-023,TXC,Central Texas,TXC D2,Established,28,239547,231000,232795.918367,25374.755102,25866.213152,134391.8,136300,133723.18408,0.3125,0.308,84512.1816,82236,41997.4375,41980.4,34170.96,32920,11102.4,10800,10166.977344,9843.84,71069.281756,70652.56,416.721756,57491.28,28860.62256,2184.66864,52700.34,22871.94756,62282.22,10712.54184,67073.16,22067.06964,1589.346977,8064,true,7943.04,288,283,12217,3543,684,7968,48171.943512,155034.8184
2026-09-27,TXC-024,TXC,Central Texas,TXC D2,Established,28,183392,176000,177705.426357,19235.147798,19528.06883,138145.4,139400,140820.998981,0.317,0.311,63552.66368,62656,43792.0918,43353.4,33667.2,33400,10750.6,10970,9100.182322,9163.92,53826.773158,52475.48,1351.293158,38512.32,19217.64768,1579.00512,40346.24,17429.57568,47681.92,8201.29024,56851.52,18704.15008,1565.916279,8064,true,7951.104,312,308,12559,3642,750,6309,36225.018298,119839.33632
2026-09-27,TXC-025,TXC,Central Texas,TXC D2,Established,28,186889.5,178500,185406.25,19931.171875,20152.853261,141930,142500,144091.370558,0.305,0.314,65805.661845,63546,43288.65,44745,34320.44,33880,11006.32,11140,9391.54986,9346.5,54376.001985,53924.5,451.501985,40181.2425,21014.789828,683.081123,41115.69,17679.7467,48591.27,8357.69844,57001.2975,18753.426878,1596.299535,8064,true,7959.168,336,318,12903,3742,819,6816,37509.227252,121083.838155
2026-09-27,TXC-026,TXC,Central Texas,TXC D2,Established,28,190412,181000,188340.257171,21252.485838,21402.301951,145745.6,145600,147366.632963,0.2945,0.302,67440.12216,64436,42922.0792,43971.2,34978.48,34360,11264.76,11310,9688.236342,9529.08,54430.725018,53208.12,1222.605018,41890.64,21783.1328,837.8128,41890.64,18348.10032,49507.12,8515.22464,57123.6,18793.6644,1626.906047,8064,true,7967.232,240,228,13250,3842,891,7566,38440.869631,122971.87784
2026-09-27,TXC-027,TXC,Central Texas,TXC D2,Established,28,193959.5,183500,191281.558185,21427.832979,21492.309908,149592.2,148700,150646.72709,0.299,0.305,68665.54219,65326,44728.0678,45353.5,35641.32,34840,11525.92,11480,9990.284735,9711.66,56236.085255,54647.84,1588.245255,43640.8875,22562.338837,1003.740412,42671.09,18604.59524,50429.47,8673.86884,57218.0525,18824.739272,1657.735814,8064,true,7975.296,264,252,13599,3944,966,7928,39139.359048,125293.95781
2026-09-27,TXC-028,TXC,Central Texas,TXC D2,Converted,28,181722,186000,0,19332.12766,0,153469.8,151800,0,0.3035,0.308,64298.69526,66216,46578.0843,46754.4,31868,31000,11789.8,11650,10054.264004,9894.24,57164.715556,60426.16,-3261.444444,41796.06,21483.17484,1086.69756,39978.84,17350.81656,47247.72,8126.60784,52699.38,17338.09602,1482.232558,8064,true,7983.36,288,277,13952,4046,1044,5800,36650.256298,117423.30474
2026-09-27,TXC-029,TXC,Central Texas,TXC D2,Converted,28,185107,188500,0,19692.234043,0,157378.4,154900,0,0.308,0.311,65455.68627,67106,48472.5472,48173.9,32518.84,31480,12056.4,11820,10363.892616,10076.82,58989.100854,61903.08,-2913.979146,43500.145,22228.574095,1261.504205,40723.54,17592.56928,48127.82,8277.98504,52755.495,17356.557855,1512.504186,8064,true,7991.424,312,301,14307,4149,1124,6183,37309.741174,119651.31373
2026-09-27,TXC-030,TXC,Central Texas,TXC D2,New,21,115937.955,117465,0,12333.825,0,113286,118500,0,0.3125,0.314,40967.835779,41817.54,35401.875,37209,24880.86,23970,9244.29,8992.5,7246.056279,7307.775,34998.5045,38756.265,-3757.7605,27825.1092,14135.155474,890.403494,25506.3501,10967.730543,30143.8683,5184.745348,32462.6274,10680.204415,1157.249302,6048,true,5999.616,336,326,10299,2987,538,4045,23351.666394,74970.119221
2026-09-27,TXC-031,TXC,Central Texas,TXC D3,Established,28,191952,193500,187087.719298,20856.028708,21259.968102,154817.1,161100,157815.59633,0.302,0.302,67014.28224,68886,46754.7642,48652.2,32699.52,32440,11916.8,12160,9989.401653,10441.98,59163.324787,62496.22,-3332.895213,40309.92,20356.5096,1410.8472,42229.44,18496.49472,49907.52,8584.09344,59505.12,19577.18448,1520.907907,8064,true,8007.552,240,234,14074,4082,788,7133,38198.140877,124937.71776
2026-09-27,TXC-032,TXC,Central Texas,TXC D3,Established,28,195412,196000,189904.761905,21017.549492,21337.613697,158617.2,164200,161032.690355,0.3065,0.305,68182.17798,69776,48616.1718,50081,33347.96,32920,12182.04,12330,10288.605342,10624.56,60979.744438,63982.44,-3002.695562,42013.58,21090.81716,1596.51604,42990.64,18743.91904,50807.12,8738.82464,59600.66,19608.61714,1551.067907,8064,true,8015.616,264,259,14420,4182,861,7482,38863.841449,127229.82202
2026-09-27,TXC-033,TXC,Central Texas,TXC D3,Established,28,198897,198500,192729.651163,21178.847222,21414.405685,162448.3,167300,164255.106168,0.311,0.308,69351.40596,70666,50521.4213,51528.4,34001.2,33400,12450,12500,10593.142298,10807.14,62828.484962,65487.26,-2658.775038,43757.34,21834.91266,1794.05094,43757.34,18990.68556,51713.22,8894.67384,59669.1,19631.1339,1581.451163,8064,true,8023.68,288,284,14768,4283,938,7836,39530.301397,129545.59404
2026-09-27,TXC-034,TXC,Central Texas,TXC D3,Established,28,202407,201000,200800.595238,21911.53748,22065.999477,166310.4,170400,167482.779456,0.3155,0.311,71751.25743,71556,52470.9312,52994.4,34659.24,33880,10843.2,10800,10903.055486,10989.72,67816.693144,68880.68,-1063.986856,45541.575,23818.243725,774.206775,44529.54,19236.76128,52625.82,9051.64104,59710.065,19644.611385,1612.057674,8064,true,7934.976,312,295,15119,4385,1017,6573,40898.216735,130655.74257
2026-09-27,TXC-035,TXC,Central Texas,TXC D3,Established,28,205942,203500,203701.285856,22075.019782,22141.444115,170203.5,173500,170715.646941,0.32,0.314,72971.42886,72446,54465.12,54479,35322.08,34360,11101.64,10970,11218.387873,11172.3,69794.440987,70422.7,-628.259013,47366.66,24630.6632,947.3332,45307.24,19482.1132,53544.92,9209.72624,59723.18,19648.92622,1642.887442,8064,true,7943.04,336,320,15473,4487,1099,6932,41593.71445,132970.57114
2026-09-27,TXC-036,TXC,Central Texas,TXC D3,Established,28,209502,206000,206609.467456,23501.826923,23478.348575,174127.6,176600,173953.646354,0.293,0.302,74653.94268,73336,51019.3868,53333.2,35989.72,34840,11362.8,11140,11539.182424,11354.88,66781.627056,69334.32,-2552.692944,49232.97,25453.44549,1132.35831,46090.44,20187.61272,54470.52,9368.92944,59708.07,19643.95503,1673.940465,8064,true,7951.104,240,229,15830,4591,1184,7709,42552.747328,134848.05732
2026-09-27,TXC-037,TXC,Central Texas,TXC D3,Established,28,213087,208500,209525.073746,23659.853833,23542.143118,178082.7,179700,177196.716418,0.2975,0.305,75884.54244,74226,52979.60325,54808.5,32178,31000,11626.68,11310,11865.482105,11537.46,73193.983585,75187.04,-1993.056415,51140.88,26286.41232,1329.66288,46879.14,20439.30504,55402.62,9529.25064,59664.36,19629.57444,1496.651163,8064,true,7959.168,264,254,16189,4695,1272,8092,43254.189191,137202.45756
2026-09-27,TXC-038,TXC,Central Texas,TXC D3,Established,28,216697,211000,212448.039216,23062.414924,23605.337691,182068.8,182800,185595.107034,0.302,0.308,75735.6015,75116,54984.7776,56302.4,31731.84,31480,11250.4,11480,11608.519384,11720.04,76129.619716,76738.36,-608.740284,45506.37,23253.75507,1319.68473,47673.34,20690.22956,56341.22,9690.68984,67176.07,22100.92703,1475.899535,8064,true,7967.232,288,278,16552,4800,864,8210,43169.292855,140961.3985
2026-09-27,TXC-039,TXC,Central Texas,TXC D3,Established,28,220332,213500,215378.29912,23218.254004,23667.944958,127127,127000,129062.944162,0.3065,0.311,76967.4759,76006,38964.4255,39497,32375.48,31960,11510.2,11650,9227.225084,9146.1,62818.996316,62746.9,72.096316,47371.38,24064.66104,1515.88416,48473.04,20940.35328,57286.32,9853.24704,67201.26,22109.21454,1505.836279,8064,true,7975.296,312,303,11557,3352,647,8591,43871.461263,143364.5241
2026-09-27,TXC-040,TXC,Central Texas,TXC D3,Established,28,223992,216000,218315.789474,23374.02746,23729.977117,130880.6,130100,132336.299292,0.277,0.314,78200.08704,76896,36253.9262,40851.4,33023.92,32440,11772.72,11820,9516.316132,9328.68,60141.057108,64158.72,-4017.662892,49278.24,24885.5112,1724.7384,49278.24,21189.6432,58237.92,10016.92224,67197.6,22108.0104,1535.996279,8064,true,7983.36,336,328,11898,3450,711,7012,44574.049613,145791.91296
2026-09-27,TXC-041,TXC,Central Texas,TXC D3,Established,28,227677,218500,221260.447036,24866.657059,25143.232618,134665.2,133200,135614.501511,0.3005,0.302,79933.979545,77786,40466.8926,40226.4,33677.16,32920,12037.96,11990,9810.711803,9511.26,64875.040342,63591.14,1283.900342,51227.325,25716.11715,1946.63835,50088.94,21938.95572,59196.02,10181.71544,67164.715,22097.191235,1566.379535,8064,true,7991.424,240,235,12242,3550,777,7808,45562.368341,147743.020455
2026-09-27,TXC-042,TXC,Central Texas,TXC D3,Established,28,231387,221000,224212.209302,25016.036386,25192.383068,138480.8,136300,138897.492477,0.305,0.305,81175.18734,78676,42236.644,41571.5,34335.2,33400,12305.92,12160,10110.455062,9693.84,66660.256278,64993.66,1666.596278,53219.01,26556.28599,2181.97941,50905.14,22194.64104,60160.62,10347.62664,67102.23,22076.63367,1596.986047,8064,false,7999.488,264,260,12589,3651,847,8205,46269.856784,150211.81266
2026-09-27,TXC-043,TXC,Central Texas,TXC D3,Converted,28,235122,223500,0,25012.978723,0,133266.4,139400,0,0.3095,0.308,83907.98814,79566,41245.9508,42935.2,34998.04,33880,12576.6,12330,9983.016736,9876.42,67596.282204,66414.78,1181.502204,55253.67,28897.66941,939.31239,51726.84,22449.44856,61131.72,10514.65584,67009.77,22046.21433,1627.815814,8064,true,8007.552,288,272,12115,3513,861,8554,47827.55324,151214.01186
2026-09-27,TXC-044,TXC,Central Texas,TXC D3,Converted,28,238882,226000,0,25412.978723,0,136942.5,142500,0,0.314,0.311,85204.43176,80456,42999.945,44317.5,35665.68,34360,12850,12500,10279.685185,10059,69409.011575,67854.5,1554.511575,57331.68,29812.4736,1146.6336,52554.04,22703.34528,62109.32,10682.80304,66886.96,22005.80984,1658.868837,8064,true,8015.616,312,297,12449,3610,931,9047,48566.526103,153677.56824
2026-09-27,TXC-045,TXC,Central Texas,TXC D3,New,21,137295.3675,140527.5,0,14605.89016,0,105487.2,109200,0,0.3185,0.314,48036.903181,50027.79,33597.6732,34288.8,26339.04,26130,7938,8100,6906.632156,7218.4725,40450.904225,42868.1175,-2417.213275,28832.027175,14906.158049,663.136625,30204.98085,12988.141766,35696.79555,6139.848835,42561.563925,14002.754531,1225.071628,6048,true,6017.76,336,321,9590,2781,754,5404,27381.034813,89258.464319
2026-09-27,TXC-046,TXC,Central Texas,TXC D4,Established,28,226842,231000,223050.147493,24763.635693,25346.60767,144387.7,148700,146586.497462,0.308,0.302,79833.63927,82236,44471.4116,44907.4,31403,31000,10838.36,10970,10119.607128,10424.16,71944.083742,74749.24,-2805.156258,48771.03,25068.30942,1268.04678,49905.24,21858.49512,58978.92,10144.37424,69186.81,22762.46049,1460.604651,8064,true,7934.976,240,231,13126,3807,685,7429,45505.174384,147008.36073
2026-09-27,TXC-047,TXC,Central Texas,TXC D4,Established,28,173712,176000,170305.882353,18771.918044,19135.492399,148156.8,151800,149804.651163,0.296,0.305,61104.93312,62656,43854.4128,46299,32046.64,31480,11095.44,11140,9542.825107,9744.24,52274.440813,56590.76,-4316.319187,38216.64,19528.70304,1108.28256,38216.64,16662.45504,45165.12,7768.40064,52113.6,17145.3744,1490.541395,8064,true,7943.04,264,255,13469,3906,754,5894,34829.811878,112607.06688
2026-09-27,TXC-048,TXC,Central Texas,TXC D4,Established,28,177072,178500,173090.909091,18943.838384,19232.323232,151956.9,154900,153028.096677,0.3005,0.308,62250.54696,63546,45663.04845,47709.2,32695.08,31960,11355.24,11310,9840.92303,9926.82,54022.35238,58058.38,-4036.02762,39841.2,20239.3296,1274.9184,38955.84,16906.83456,46038.72,7918.65984,52236.24,17185.72296,1520.701395,8064,true,7951.104,288,280,13814,4006,825,6214,35482.811767,114821.45304
2026-09-27,TXC-049,TXC,Central Texas,TXC D4,Established,28,180457,181000,175884.015595,19115.30675,19327.913802,155788,158000,156256.770311,0.305,0.311,63398.15324,64436,47515.34,49138,33348.32,32440,11617.76,11480,10144.382864,10109.4,55803.030376,59544.6,-3741.569624,41505.11,20960.08055,1452.67885,39700.54,17150.63328,46918.82,8070.03704,52332.53,17217.40237,1551.084651,8064,true,7959.168,312,305,14163,4107,899,6537,36136.947347,117058.84676
2026-09-27,TXC-050,TXC,Central Texas,TXC D4,Established,28,183867,183500,178685.131195,19286.340791,19422.296869,159650.1,161100,159490.609391,0.3095,0.314,64547.429685,65326,49411.70595,50585.4,34006.36,32920,11883,11650,10453.247574,10291.98,57616.528061,61049.42,-3432.891939,43208.745,21690.78999,1641.93231,40450.74,17393.8182,47805.42,8222.53224,52402.095,17240.289255,1581.691163,8064,true,7620.48,336,330,14514,4209,976,6866,36792.03492,119319.570315
2026-09-27,TXC-051,TXC,Central Texas,TXC D4,Established,28,187302,186000,181494.186047,20562.466305,20624.339323,163543.2,164200,162729.552239,0.299,0.302,66110.11392,66216,48899.4168,49588.4,34669.2,33400,12150.96,11820,10767.560126,10474.56,57421.810594,60109.84,-2688.029406,44952.48,22431.28752,1843.05168,41206.44,18048.42072,48698.52,8376.14544,52444.56,17254.26024,1612.52093,8064,true,7975.296,240,237,14868,4312,1056,7608,37682.764934,121191.88608
2026-09-27,TXC-052,TXC,Central Texas,TXC D4,Established,28,190762,188500,189248.015873,21285.08583,21263.822008,167467.3,167300,170710.805301,0.3035,0.305,67235.97452,67106,50826.32555,51026.5,34151.04,33880,11750.2,11990,10545.774239,10657.14,61615.285831,61605.36,9.925831,40060.02,20951.39046,681.02034,41967.64,18297.89104,49598.12,8530.87664,59136.22,19455.81638,1588.420465,8064,true,7983.36,264,250,15224,4415,1139,6386,38324.505476,123526.02548
2026-09-27,TXC-053,TXC,Central Texas,TXC D4,Established,28,194247,191000,192133.531157,21454.910979,21348.170129,171422.4,170400,174032.893401,0.308,0.308,68441.959215,67996,52798.0992,52483.2,34806.68,34360,12014.08,12160,10858.320581,10839.72,63560.977834,63119.48,441.497834,41763.105,21716.8146,835.2621,42734.34,18546.70356,50504.22,8686.72584,59245.335,19491.715215,1618.915349,8064,true,7991.424,288,274,15584,4519,1225,6737,39011.916753,125805.040785
2026-09-27,TXC-054,TXC,Central Texas,TXC D4,Established,28,197757,193500,195026.627219,20938.573054,21431.497497,175408.5,173500,177359.453994,0.3125,0.311,69650.0154,68886,54815.15625,53958.5,35467.12,34840,12280.68,12330,11176.343409,11022.3,65541.028241,64652.2,888.828241,43506.54,22492.88118,1000.65042,43506.54,18794.82528,51416.82,8843.69304,59327.1,19518.6159,1649.633488,8064,true,7999.488,312,298,15946,4624,832,6868,39700.508778,128106.9846
2026-09-27,TXC-055,TXC,Central Texas,TXC D4,Established,28,201292,196000,197927.236971,21105.067334,21513.830106,179425.6,176600,180690.433031,0.317,0.314,70859.8163,69776,56877.9152,55452.4,31713,31000,12550,12500,11499.88569,11204.88,71974.84581,70523.52,1451.32581,45290.7,23279.4198,1177.5582,44284.24,19042.2232,52335.92,9001.77824,59381.14,19536.39506,1475.023256,8064,true,8007.552,336,323,16311,4730,913,7218,40390.095291,130432.1837
2026-09-27,TXC-056,TXC,Central Texas,TXC D4,Established,28,204852,198500,200835.294118,22479.859626,22822.192513,171793.2,179700,172310.130391,0.3065,0.302,72521.70504,70666,52654.6158,54269.4,32361.44,31480,10929.6,10800,11276.75971,11387.46,70608.52113,71267.94,-659.41887,47115.96,24076.25556,1366.36284,45067.44,19739.53872,53261.52,9160.98144,59407.08,19544.92932,1505.183256,8064,true,8015.616,240,232,15618,4529,933,8003,41337.371873,132330.29496
2026-09-27,TXC-057,TXC,Central Texas,TXC D4,Established,28,208437,201000,203750.733138,22641.514053,22893.340802,175670.8,182800,175495.304695,0.311,0.305,73741.884045,71556,54633.6188,55754,33014.68,31960,11189.4,10970,11596.453792,11570.04,72574.969053,72809.96,-234.990947,48982.695,24883.20906,1567.44624,45856.14,19993.27704,54193.62,9321.30264,59404.545,19544.095305,1535.566512,8064,true,8023.68,264,256,15970,4631,1014,8377,42032.873906,134695.115955
2026-09-27,TXC-058,TXC,Central Texas,TXC D4,Converted,28,212047,203500,0,22558.191489,0,122682,127000,0,0.299,0.308,74962.85544,72446,36681.918,39116,33672.72,32440,11451.92,11140,9179.041564,8996.1,57341.091876,58985.9,-1644.808124,50891.28,25700.0964,1781.1948,46650.34,20246.24756,55132.22,9482.74184,59373.16,19533.76964,1566.173023,8064,true,7934.976,288,281,11153,3234,750,6767,42728.827601,137084.14456
2026-09-27,TXC-059,TXC,Central Texas,TXC D4,Converted,28,215682,206000,0,22944.893617,0,126327.1,130100,0,0.2695,0.311,74878.31994,73336,34045.15345,40461.1,33183.36,32920,11083.8,11310,9060.542953,9178.68,55595.770437,60388.42,-4792.649563,45293.22,22737.19644,1721.14236,47450.04,20498.41728,56077.32,9645.29904,66861.42,21997.40718,1543.412093,8064,true,7943.04,312,306,11484,3330,816,7205,42680.642366,140803.68006
2026-09-27,TXC-060,TXC,Central Texas,TXC D4,New,21,134895.33,128227.5,0,14350.567021,0,97502.4,99900,0,0.308,0.314,46801.934743,45648.99,30030.7392,31368.6,25375.65,25050,8506.68,8610,6551.968223,6598.7325,36398.375721,36758.8575,-360.481779,29002.49595,14472.245479,1189.102334,29676.9726,12761.098218,35072.7858,6032.519158,41143.07565,13536.071889,1180.262791,6048,true,5963.328,336,331,8864,2571,663,4707,26677.102804,88093.395256
2026-09-27,TXC-061,TXC,Central Texas,TXC D5,Established,28,223027,211000,221256.944444,25268.548769,25142.834596,133710.3,136300,135197.472194,0.2975,0.302,79138.90068,75116,39778.81425,41162.6,34489.84,33880,11603.4,11650,9632.623046,9543.84,63191.851884,61204.76,1987.091884,49065.94,25661.48662,834.12098,49065.94,21490.88172,57987.02,9973.76744,66908.1,22012.7649,1604.178605,8064,true,7959.168,240,227,12155,3525,955,8642,45109.173388,143888.09932
2026-09-27,TXC-062,TXC,Central Texas,TXC D5,Established,28,208589.5,213500,206319.980218,22648.833783,23182.020249,137448.4,139400,138417.321249,0.302,0.305,73985.652702,76006,41509.4168,42517,35150.28,34360,11867.28,11820,9647.062594,9726.42,58830.446908,62616.58,-3786.133092,46932.6375,24404.9715,938.65275,45889.69,20007.90484,54233.27,9328.12244,61533.9025,20244.653922,1634.896744,8064,true,7967.232,264,251,12495,3624,652,8063,42171.82204,134603.847298
2026-09-27,TXC-063,TXC,Central Texas,TXC D5,Established,28,212112,216000,209183.431953,22800.994083,23242.60355,141217.5,142500,141642.427282,0.3065,0.308,75197.94624,76896,43283.16375,43890,35815.52,34840,12133.88,11990,9943.005765,9909,60588.704225,64047,-3458.295775,48785.76,25222.23792,1122.07248,46664.64,20252.45376,55149.12,9485.64864,61512.48,20237.60592,1665.83814,8064,true,7975.296,288,275,12838,3723,719,8436,42862.829357,136914.05376
2026-09-27,TXC-064,TXC,Central Texas,TXC D5,Established,28,215659.5,218500,212054.572271,22953.159746,23302.70025,145017.6,145600,144872.727273,0.311,0.311,76411.395743,77786,45100.4736,45281.6,32023,31000,12403.2,12160,10244.296524,10091.58,66841.372819,69816.02,-2974.647181,50679.9825,26049.511005,1317.679545,47445.09,20496.27888,56071.47,9644.29284,61462.9575,20221.313018,1489.44186,8064,true,7983.36,312,300,13183,3823,788,6886,43554.495573,139248.104257
2026-09-27,TXC-065,TXC,Central Texas,TXC D5,Established,28,219232,221000,214933.333333,23105.333333,23362.318841,148848.7,148700,148108.159204,0.3155,0.314,77625.66656,78676,46961.76485,46691.8,32676.24,31480,12675.24,12330,10550.977837,10274.16,68684.973573,71283.64,-2598.666427,52615.68,26886.61248,1525.85472,48231.04,20739.3472,57000.32,9804.05504,61384.96,20195.65184,1519.825116,8064,true,7991.424,336,325,13532,3924,859,7255,44246.629939,141606.33344
2026-09-27,TXC-066,TXC,Central Texas,TXC D5,Established,28,222829.5,223500,217819.648094,24578.967109,24752.232738,152710.8,151800,155668.501529,0.305,0.302,77934.617625,79566,46576.794,45843.6,32215.68,31960,12250,12500,10369.225944,10456.74,69676.505681,70492.86,-816.354319,46794.195,23771.45106,1497.41424,49022.49,21471.85062,57935.67,9964.93524,69077.145,22726.380705,1498.403721,8064,true,7999.488,240,233,13883,4026,934,8062,44422.732046,144894.882375
2026-09-27,TXC-067,TXC,Central Texas,TXC D5,Established,28,226452,226000,220713.450292,24724.866286,24799.264078,156603.9,154900,158988.730964,0.3095,0.305,79158.56112,80456,48468.90705,47244.5,32861.72,32440,10670.4,10800,10674.226979,10639.32,73421.121191,73821.18,-400.058809,48687.18,24587.0259,1704.0513,49819.44,21721.27584,58877.52,10126.93344,69067.86,22723.32594,1528.452093,8064,true,8007.552,264,258,14237,4129,1012,8456,45120.379838,147293.43888
2026-09-27,TXC-068,TXC,Central Texas,TXC D5,Established,28,230099.5,228500,223614.674441,24870.921013,24846.074938,160528,158000,162313.447927,0.314,0.308,80382.95933,81346,50405.792,48664,33512.56,32920,10926.12,10970,10984.647212,10821.9,75365.424118,75298.1,67.324118,50621.89,25412.18878,1923.63182,50621.89,21969.90026,59825.87,10290.04964,69029.85,22710.82065,1558.723721,8064,true,8015.616,288,283,14593,4232,1092,8854,45818.286818,149716.54067
2026-09-27,TXC-069,TXC,Central Texas,TXC D5,Established,28,233772,231000,226523.255814,25017.128801,24892.665474,154011.6,161100,155097.280967,0.302,0.311,81607.46748,82236,46511.5032,50102.1,34168.2,33400,11184.56,11140,10810.295866,11004.48,71955.914814,76793.62,-4837.705186,52598.7,26246.7513,2156.5467,51429.84,22217.69088,60780.72,10454.28384,68962.74,22688.74146,1589.218605,8064,true,8023.68,312,308,14001,4060,1100,9256,46516.256464,152164.53252
2026-09-27,TXC-070,TXC,Central Texas,TXC D5,Established,28,178992,176000,177571.428571,18857.313665,19301.242236,157796.2,164200,158271.013039,0.3065,0.314,63545.73984,62656,48364.5353,51558.8,34828.64,33880,11445.72,11310,10216.765544,10324.56,55419.149596,58700.24,-3281.090404,41168.16,21530.94768,699.85872,39378.24,16932.6432,46537.92,8004.52224,51907.68,17077.62672,1619.936744,8064,true,7934.976,336,318,14345,4160,749,5657,36221.071709,115446.26016
2026-09-27,TXC-071,TXC,Central Texas,TXC D5,Established,28,182427,178500,180442.136499,20115.197262,20504.788238,161611.8,167300,161450.34965,0.296,0.302,65134.648215,63546,47837.0928,50524.6,35493.88,34360,11709.6,11480,10524.723132,10507.14,55243.537883,57723.46,-2479.922117,42870.345,22292.5794,857.4069,40133.94,17578.66572,47431.02,8158.13544,51991.695,17105.267655,1650.87814,8064,false,7943.04,240,228,14692,4261,822,6316,37126.749483,117292.351785
2026-09-27,TXC-072,TXC,Central Texas,TXC D5,Established,28,185887,181000,183320.512821,20288.843273,20597.810429,165458.4,170400,164635.223881,0.3005,0.305,66331.91708,64436,49720.2492,51972,36163.92,34840,11976.2,11650,10838.085597,10689.72,57073.960683,59228.28,-2154.319317,44612.88,23064.85896,1026.09624,40895.14,17830.28104,48330.62,8312.86664,52048.36,17123.91044,1682.042791,8064,true,7951.104,264,252,15042,4362,899,6655,37809.192736,119555.08292
2026-09-27,TXC-073,TXC,Central Texas,TXC D5,Converted,28,189372,183500,0,20145.957447,0,169336,173500,0,0.305,0.308,66304.81836,65326,51647.48,53438,31248,31000,11583.6,11820,10609.26328,10872.3,64511.43508,65071.7,-560.26492,39768.12,20440.81368,1033.97112,41661.84,18081.23856,49236.72,8468.71584,58705.32,19314.05028,1453.395349,8064,true,7959.168,288,277,15394,4464,978,6890,37793.746465,123067.18164
2026-09-27,TXC-074,TXC,Central Texas,TXC D5,Converted,28,192882,186000,0,20519.361702,0,173244.6,176600,0,0.3095,0.311,67502.91354,66216,53619.2037,54922.6,31889.24,31480,11846.12,11990,10920.923983,11054.88,66465.833257,66613.72,-147.886743,41469.63,21190.98093,1202.61927,42434.04,18331.50528,50149.32,8625.68304,58829.01,19354.74429,1483.220465,8064,true,7967.232,312,301,15750,4567,1060,7305,38476.660718,125379.08646
2026-09-27,TXC-075,TXC,Central Texas,TXC D5,New,21,120796.455,115927.5,0,12850.686702,0,132888.15,134775,0,0.314,0.314,42252.18403,41270.19,41726.8791,42319.35,24401.46,23970,9083.52,9120,8020.162712,8046.3825,42473.920418,42453.1575,20.762918,26575.2201,13500.211811,850.407043,26575.2201,11427.344643,31407.0783,5402.017468,36238.9365,11922.610108,1134.951628,6048,true,5981.472,336,326,12081,3503,858,4755,24083.744897,78544.27097
2026-09-27,NM-001,NM,New Mexico,NM D1,Established,28,182160,176000,177543.859649,20195.614035,20175.438596,125857,127000,126744.209466,0.3035,0.302,64076.6016,62656,38197.5995,38354,31713,31000,10843.2,10800,8697.385312,8583.6,51020.615788,50626.4,394.215788,40986,20697.93,1434.51,40075.2,17552.9376,47361.6,8146.1952,53737.2,17679.5388,1475.023256,8064,true,7983.36,240,234,11442,3318,856,6059,36523.662912,118083.3984
2026-09-27,NM-002,NM,New Mexico,NM D1,Established,28,185640,178500,180408.163265,20371.933043,20270.580142,129579.6,130100,129969.508526,0.308,0.305,65254.3164,63546,39910.5168,39680.5,32361.44,31480,11101.64,10970,8985.120329,8766.18,52716.632871,52010.32,706.312871,42697.2,21433.9944,1622.4936,40840.8,17806.5888,48266.4,8301.8208,53835.6,17711.9124,1505.183256,8064,true,7991.424,264,259,11780,3416,926,6397,37194.960348,120385.6836
2026-09-27,NM-003,NM,New Mexico,NM D1,Established,28,189145,181000,183280.03876,19896.06643,20364.448751,133333.2,133200,133200,0.2785,0.308,66433.39835,64436,37133.2962,41025.6,33014.68,31960,11362.8,11140,9278.159968,8948.76,49911.054582,53412.84,-3501.785418,44449.075,22180.088425,1822.412075,41611.9,18059.5646,49177.7,8458.5644,53906.325,17735.180925,1535.566512,8064,true,7999.488,288,284,12121,3515,633,6526,37867.037059,122711.60165
2026-09-27,NM-004,NM,New Mexico,NM D1,Established,28,177077.5,183500,175672.123016,18937.840954,19304.628903,137117.8,136300,136435.621891,0.317,0.311,63287.4985,65326,43466.3426,42389.3,33672.72,32440,11626.68,11310,9336.345696,9131.34,52118.095404,54833.96,-2715.864596,42498.6,22226.7678,722.4762,38957.05,16829.4456,46040.15,7918.9058,49581.7,16312.3793,1566.173023,8064,true,8007.552,312,295,12465,3615,698,6477,36073.874145,113790.0015
2026-09-27,NM-005,NM,New Mexico,NM D1,Established,28,180420,186000,178456.973294,19106.534641,19397.497097,140933.4,139400,143662.996942,0.305,0.314,63239.0142,66216,42984.687,43771.6,33183.36,32920,11250.4,11480,9181.072362,9313.92,52608.868838,56273.68,-3664.811162,37888.2,19701.864,757.764,39692.4,17067.732,46909.2,8068.3824,55930.2,18401.0358,1543.412093,8064,true,8015.616,336,320,12812,3716,765,6802,36046.238094,117180.9858
2026-09-27,NM-006,NM,New Mexico,NM D1,Established,28,183787.5,188500,181250,20370.028409,20596.590909,144780,142500,146984.771574,0.2945,0.302,64799.79675,67106,42637.71,43035,33834.2,33400,11510.2,11650,9474.57126,9496.5,52618.53549,55594.5,-2975.96451,39514.3125,20428.899562,908.829187,40433.25,17709.7635,47784.75,8218.977,56055.1875,18442.156688,1573.683721,8064,true,7620.48,240,229,13162,3817,836,7537,36935.884147,118987.70325
2026-09-27,NM-007,NM,New Mexico,NM D1,Established,28,187180,191000,184051.130777,20535.143018,20679.902334,139193.6,145600,140741.759353,0.299,0.305,65965.9756,67996,41618.8864,44408,34489.84,33880,11772.72,11820,9334.752134,9679.08,51987.549866,57024.92,-5037.370134,41179.6,21166.3144,1070.6696,41179.6,17954.3056,48666.8,8370.6896,56154,18474.666,1604.178605,8064,true,7934.976,264,254,12654,3670,851,6161,37600.606092,121214.0244
2026-09-27,NM-008,NM,New Mexico,NM D1,Established,28,190597.5,193500,186860.294118,20699.968137,20762.254902,142900.7,148700,143908.056395,0.3035,0.308,67134.157425,68886,43370.36245,45799.6,35150.28,34360,12037.96,11990,9625.240671,9861.66,53691.039204,58473.94,-4782.900796,42884.4375,21913.947562,1243.648687,41931.45,18198.2493,49555.35,8523.5202,56226.2625,18498.440363,1634.896744,8064,true,7943.04,288,278,12991,3767,923,6500,38266.469732,123463.342575
2026-09-27,NM-009,NM,New Mexico,NM D1,Established,28,194040,196000,189677.419355,20864.516129,20843.672457,146638.8,151800,147080.04012,0.308,0.311,68304.0204,69776,45164.7504,47209.8,35815.52,34840,12305.92,12160,9921.005186,10044.24,55426.325614,59941.56,-4515.234386,44629.2,22671.6336,1428.1344,42688.8,18441.5616,50450.4,8677.4688,56271.6,18513.3564,1665.83814,8064,true,7951.104,312,303,13331,3866,997,6844,38933.291628,125735.9796
2026-09-27,NM-010,NM,New Mexico,NM D1,Established,28,197507.5,198500,192502.436647,21028.798786,20924.177896,150407.9,154900,150257.642358,0.3125,0.314,69475.2382,70666,47002.46875,48638.6,32023,31000,12576.6,12330,10222.088646,10226.82,61656.018304,65747.78,-4091.761696,46414.2625,23439.202562,1624.499188,43451.65,18684.2095,51351.95,8832.5354,56289.6375,18519.290737,1489.44186,8064,true,7959.168,336,328,13673,3965,1075,7192,39600.885774,128032.2618
2026-09-27,NM-011,NM,New Mexico,NM D1,Established,28,201000,201000,195335.276968,21686.655182,22197.190565,154208,158000,153440.79602,0.302,0.302,71089.68,71556,46570.816,47716,32676.24,31480,12850,12500,10528.534016,10409.4,61605.721984,64882.6,-3276.878016,48240,24216.48,1833.12,44220,19368.36,52260,8988.72,56280,18516.12,1519.825116,8064,true,7967.232,240,235,14019,4065,732,7720,40521.1176,129910.32
2026-09-27,NM-012,NM,New Mexico,NM D1,Established,28,204517.5,203500,198175.872093,21843.879834,22266.951921,158039.1,161100,161100,0.3065,0.305,71053.46985,72446,48438.98415,49135.5,32215.68,31960,10584,10800,10329.285813,10591.98,66363.488187,68229.52,-1866.031813,42948.675,21431.388825,1760.895675,44993.85,19617.3186,53174.55,9146.0226,63400.425,20858.739825,1498.403721,8064,true,7975.296,264,260,14367,4166,804,8082,40500.477814,133464.03015
2026-09-27,NM-013,NM,New Mexico,NM D1,Converted,28,208060,206000,0,22134.042553,0,161901.2,164200,0,0.311,0.308,73443.0994,73336,50351.2732,50573.6,32861.72,32440,10838.36,10970,10634.09387,10774.56,69460.19873,69725.04,-264.84127,44732.9,23395.3067,760.4593,45773.2,19865.5688,54095.6,9304.4432,63458.3,20877.7807,1528.452093,8064,true,7983.36,288,272,14718,4268,879,6640,41862.566658,134616.9006
2026-09-27,NM-014,NM,New Mexico,NM D1,Converted,28,211627.5,208500,0,22513.56383,0,165794.3,167300,0,0.3155,0.311,74674.87965,74226,52308.10165,52030.3,33512.56,32920,11095.44,11140,10944.292482,10957.14,71430.688818,71239.16,191.528818,46558.05,24210.186,931.161,46558.05,20113.0776,55023.15,9463.9818,63488.25,20887.63425,1558.723721,8064,true,7991.424,312,297,15072,4371,957,7069,42564.6814,136952.62035
2026-09-27,NM-015,NM,New Mexico,NM D1,New,21,132360.3,129765,0,14080.882979,0,127288.8,127800,0,0.32,0.314,46683.47781,46196.34,40732.416,40129.2,25626.15,25050,8516.43,8482.5,7997.501081,7927.515,45275.812729,44865.525,410.287729,29781.0675,15396.811897,684.964552,29119.266,12521.28438,34413.678,5919.152616,39046.2885,12846.228917,1191.913953,6048,true,5999.616,336,321,11572,3356,779,4619,26609.582352,85676.82219
2026-09-27,NM-016,NM,New Mexico,NM D2,Established,28,218837.5,213500,215179.449361,24378.853524,24452.210155,173673.5,173500,174196.088265,0.293,0.302,77623.849625,76006,50886.3355,52397,34828.64,33880,11617.76,11480,11581.033233,11322.3,70482.751892,71720.7,-1237.948108,50332.625,25870.96925,1308.64825,48144.25,21087.1815,56897.75,9786.413,63462.875,20879.285875,1619.936744,8064,true,8007.552,240,231,15788,4579,1122,8338,44245.594286,141213.650375
2026-09-27,NM-017,NM,New Mexico,NM D2,Established,28,222480,216000,218117.647059,24532.108394,24507.600793,177659.6,176600,177482.117882,0.2975,0.305,78866.9352,76896,52853.731,53863,35493.88,34360,11883,11650,11907.661304,11504.88,72436.124896,73244.12,-807.995104,52282.8,26716.5108,1516.2012,48945.6,21340.2816,57844.8,9949.3056,63406.8,20860.8372,1650.87814,8064,true,8015.616,264,255,16151,4684,1208,8733,44954.153064,143613.0648
2026-09-27,NM-018,NM,New Mexico,NM D2,Established,28,226147.5,218500,221063.049853,24685.3739,24562.561095,181676.7,179700,180772.835821,0.302,0.308,80110.4904,77786,54866.3634,55347.6,36163.92,34840,12150.96,11820,12239.851793,11687.46,74422.122007,74786.14,-364.017993,54275.4,27571.9032,1736.8128,49752.45,21592.5633,58798.35,10113.3162,63321.3,20832.7077,1682.042791,8064,true,8023.68,288,280,16516,4790,1298,9134,45662.979528,146037.0096
2026-09-27,NM-019,NM,New Mexico,NM D2,Established,28,229840,221000,224015.594542,24050.90504,24617.098301,185724.8,182800,189321.916412,0.3065,0.311,79938.352,78676,56924.6512,56850.8,31248,31000,11750.2,11990,11977.013664,11870.04,81887.789536,80666.76,1221.029536,48266.4,24374.532,1689.324,50564.8,21843.9936,59758.4,10278.4448,71250.4,23441.3816,1453.395349,8064,true,7934.976,312,305,16884,4896,881,7215,45564.86064,149901.648
2026-09-27,NM-020,NM,New Mexico,NM D2,Established,28,233557.5,223500,226975.218659,24202.46625,24671.219419,121412,127000,123260.913706,0.311,0.314,81183.419212,79566,37759.132,39878,31889.24,31480,12014.08,12160,9168.625004,9296.1,65870.606209,66507.9,-637.293791,50214.8625,25207.860975,1908.164775,51382.65,22094.5395,60724.95,10444.6914,71235.0375,23436.327337,1483.220465,8064,true,7943.04,336,330,11037,3201,618,7600,46274.548951,152374.080787
2026-09-27,NM-021,NM,New Mexico,NM D2,Established,28,218090,226000,211327.51938,23654.273476,24014.490839,125026.1,130100,126416.683519,0.3005,0.302,76235.5404,80456,37570.34305,39290.2,32535.28,31960,12280.68,12330,9154.045839,9478.68,59835.877611,65977.52,-6141.642389,47979.8,23941.9202,1967.1718,47979.8,21015.1524,56703.4,9752.9848,65427,21525.483,1513.268837,8064,true,7951.104,240,237,11366,3296,679,7759,43454.258028,141854.4596
2026-09-27,NM-022,NM,New Mexico,NM D2,Established,28,221645,228500,219885.912698,24434.51322,24706.282326,128671.2,133200,129578.247734,0.271,0.305,78765.98365,81346,34869.8952,40626,33186.12,32440,12550,12500,9437.203899,9661.26,58462.554951,67370.74,-8908.185049,49870.125,26082.075375,847.792125,48761.9,21260.1884,57627.7,9911.9644,65385.275,21511.755475,1543.540465,8064,true,7959.168,264,250,11697,3392,743,8357,44896.61068,142879.01635
2026-09-27,NM-023,NM,New Mexico,NM D2,Established,28,225225,231000,222774.480712,24579.451039,24752.720079,132347.3,136300,132745.53661,0.3095,0.308,80002.17225,82236,40961.48935,41980.4,33841.76,32920,10929.6,10800,9725.580649,9843.84,66466.720951,70652.56,-4185.839049,51801.75,26936.91,1036.035,49549.5,21504.483,58558.5,10072.062,65315.25,21488.71725,1574.035349,8064,true,7967.232,288,274,12032,3489,809,8750,45601.238182,145222.82775
2026-09-27,NM-024,NM,New Mexico,NM D2,Established,28,172480,176000,170098.619329,18636.079502,18692.15597,136054.4,139400,135918.481518,0.314,0.311,61233.8496,62656,42721.0816,43353.4,34502.2,33400,11189.4,10970,9151.429056,9163.92,49111.902144,52475.48,-3363.577856,40532.8,20955.4576,932.2544,37945.6,16392.4992,44844.8,7713.3056,49156.8,16172.5872,1604.753488,8064,true,7975.296,312,298,12369,3587,879,6895,34903.294272,111246.1504
2026-09-27,NM-025,NM,New Mexico,NM D2,Established,28,175822.5,178500,172883.480826,18810.474381,18791.682698,139792.5,142500,139097.014925,0.3185,0.314,62381.823,63546,44523.91125,44745,35167.44,33880,11451.92,11140,9445.944585,9346.5,50840.429665,53924.5,-3084.070335,42197.4,21689.4636,1097.1324,38680.95,16632.8085,45713.85,7862.7822,49230.3,16196.7687,1635.694884,8064,false,7983.36,336,323,12708,3685,951,5643,35557.63911,113440.677
2026-09-27,NM-026,NM,New Mexico,NM D2,Established,28,179190,181000,175676.470588,20063.051471,19963.235294,143561.6,145600,146342.099898,0.308,0.302,62784.5922,64436,44216.9728,43971.2,34634.88,34360,11083.8,11310,9281.529488,9529.08,52001.355512,53208.12,-1206.764488,37629.9,19228.8789,1091.2671,39421.8,17266.7484,46589.4,8013.3768,55548.9,18275.5881,1610.924651,8064,true,7991.424,240,232,13051,3785,1026,6300,35787.217554,116405.4078
2026-09-27,NM-027,NM,New Mexico,NM D2,Established,28,182582.5,183500,178477.517107,19592.419575,20053.653607,147361.7,148700,149605.786802,0.296,0.305,63941.304413,65326,43619.0632,45353.5,35292.92,34840,11342.24,11480,9574.493636,9711.66,51350.713976,54647.84,-3297.126024,39255.2375,19941.66065,1256.1676,40168.15,17513.3134,47471.45,8165.0894,55687.6625,18321.240963,1641.531163,8064,true,7999.488,264,256,13397,3885,699,6426,36446.543515,118641.195587
2026-09-27,NM-028,NM,New Mexico,NM D2,Converted,28,186000,186000,0,19787.234043,0,151192.8,151800,0,0.3005,0.308,65100,66216,45433.4364,46754.4,31558,31000,11603.4,11650,9872.791051,9894.24,57499.245349,60426.16,-2926.914651,40920,20664.6,1432.2,40920,17759.28,48360,8317.92,55800,18358.2,1467.813953,8064,true,8007.552,288,281,13745,3986,769,6767,37107,120900
2026-09-27,NM-029,NM,New Mexico,NM D2,Converted,28,189442.5,188500,0,20153.457447,0,155054.9,154900,0,0.305,0.311,66260.356012,67106,47291.7445,48173.9,32204.04,31480,11867.28,11820,10176.464698,10076.82,59304.315814,61903.08,-2598.764186,42624.5625,21397.530375,1619.733375,41677.35,18004.6152,49255.05,8471.8686,55885.5375,18386.341837,1497.862326,8064,true,8015.616,312,306,14096,4088,842,7175,37768.402927,123182.143987
2026-09-27,NM-030,NM,New Mexico,NM D2,New,21,118639.65,117465,0,12621.239362,0,119211,118500,0,0.3095,0.314,41464.557675,41817.54,36895.8045,37209,24641.16,23970,9100.41,8992.5,7463.108268,7307.775,37155.683907,38756.265,-1600.581093,27287.1195,13616.27263,1118.7719,26100.723,11223.31089,30846.309,5305.565148,34405.4985,11319.409006,1146.100465,6048,true,6017.76,336,331,10837,3143,688,4670,23634.797875,77175.092325
2026-09-27,NM-031,NM,New Mexico,NM D3,Established,28,196402.5,193500,194843.75,21986.345881,22141.335227,162872.1,161100,162709.390609,0.299,0.302,70262.994375,68886,48698.7579,48652.2,33510.52,32440,12403.2,12160,10800.112554,10441.98,62247.919721,62496.22,-248.300279,46154.5875,24138.849262,784.627987,43208.55,18925.3449,51064.65,8783.1198,55974.7125,18415.680412,1558.628837,8064,true,7934.976,240,227,14807,4294,996,6596,40049.906794,126139.505625
2026-09-27,NM-032,NM,New Mexico,NM D3,Established,28,199920,196000,197744.807122,22151.862101,22218.517654,166827.2,164200,165997.21393,0.3035,0.305,71483.3952,69776,50632.0552,50081,34170.96,32920,12675.24,12330,11120.172694,10624.56,64149.077706,63982.44,166.637706,47980.8,24950.016,959.616,43982.4,19176.3264,51979.2,8940.4224,55977.6,18416.6304,1589.346977,8064,true,7943.04,264,251,15166,4398,1078,6956,40745.535264,128436.6048
2026-09-27,NM-033,NM,New Mexico,NM D3,Established,28,203462.5,198500,200653.353057,22317.111823,22294.817006,159938.8,167300,163036.493374,0.308,0.308,71366.5065,70666,49261.1504,51528.4,33667.2,33400,12250,12500,10399.342184,10807.14,64311.114716,65487.26,-1176.145284,42727.125,22089.923625,982.723875,44761.75,19426.5995,52900.25,9098.843,63073.375,20751.140375,1565.916279,8064,true,7951.104,288,275,14540,4217,1088,7320,40678.908705,132095.9935
2026-09-27,NM-034,NM,New Mexico,NM D3,Established,28,207030,201000,203569.321534,22482.106389,22370.255114,163754.4,170400,166248.121827,0.3125,0.311,72587.82345,71556,51173.25,52994.4,34320.44,33880,10670.4,10800,10703.278925,10989.72,68066.954525,68880.68,-813.725475,44511.45,22878.8853,1157.2977,45546.6,19676.1312,53827.8,9258.3816,63144.15,20774.42535,1596.299535,8064,true,7959.168,312,300,14887,4317,1170,7689,41375.059366,134442.17655
2026-09-27,NM-035,NM,New Mexico,NM D3,Established,28,210622.5,203500,206492.647059,21928.621324,22444.852941,167601,173500,169465.116279,0.317,0.314,73810.5489,72446,53129.517,54479,34978.48,34360,10926.12,10970,11012.563254,11172.3,70022.902646,70422.7,-399.797354,46336.95,23678.18145,1343.77155,46336.95,19924.8885,54761.85,9419.0382,63186.75,20788.44075,1626.906047,8064,true,7967.232,336,325,15236,4419,795,7807,42072.012873,136811.9511
2026-09-27,NM-036,NM,New Mexico,NM D3,Established,28,214240,206000,209423.264907,23345.934417,23798.098285,171478.6,176600,172687.411883,0.3065,0.302,75505.6744,73336,52558.1909,53333.2,35641.32,34840,11184.56,11140,11327.238138,11354.88,69910.747162,69334.32,576.427162,48204,24487.632,1542.528,47132.8,20644.1664,55702.4,9580.8128,63200.8,20793.0632,1657.735814,8064,true,7975.296,240,233,15589,4521,873,8638,43038.234408,138734.3256
2026-09-27,NM-037,NM,New Mexico,NM D3,Established,28,217882.5,208500,212361.111111,23502.887016,23860.799001,175387.2,179700,175914.944835,0.311,0.305,76738.2165,74226,54545.4192,54808.5,31868,31000,11445.72,11310,11647.346542,11537.46,76322.569158,75187.04,1135.529158,50112.975,25307.052375,1753.954125,47934.15,20899.2894,56649.45,9743.7054,63185.925,20788.169325,1482.232558,8064,true,7620.48,264,258,15944,4624,953,7051,43740.783405,141144.2835
2026-09-27,NM-038,NM,New Mexico,NM D3,Established,28,203615,211000,197876.579203,21744.437426,21986.286578,179326.8,182800,179147.652348,0.299,0.308,71659.245025,75116,53618.7132,56302.4,32518.84,31480,11709.6,11480,11696.732432,11720.04,69352.785793,76738.36,-7385.574207,47849.525,24020.46155,1818.28195,44795.3,19441.1602,52939.9,9105.6628,58030.275,19091.960475,1512.504186,8064,true,7991.424,288,283,16302,4728,1035,6828,40845.769664,131955.754975
2026-09-27,NM-039,NM,New Mexico,NM D3,Established,28,207095,213500,200673.449612,21897.663238,22052.02743,125222,127000,124599.004975,0.3035,0.311,72822.8858,76006,38004.877,39497,33174.48,31960,11976.2,11650,9225.213844,9146.1,56451.868956,62746.9,-6295.031044,49702.8,24801.6972,2037.8148,45560.9,19682.3088,53844.7,9261.2884,57986.6,19077.5914,1542.99907,8064,true,7999.488,312,308,11384,3301,766,7182,41509.044906,134272.1142
2026-09-27,NM-040,NM,New Mexico,NM D3,Established,28,210600,216000,208928.571429,22641.498447,22709.627329,128929.1,130100,131426.197757,0.308,0.314,73950.084,76896,39710.1628,40851.4,32699.52,32440,11583.6,11820,9100.489013,9328.68,60276.637787,64158.72,-3882.082213,44226,23130.198,751.842,46332,19922.76,54756,9418.032,65286,21479.094,1520.907907,8064,true,8007.552,336,318,11721,3399,833,7743,42151.54788,136649.916
2026-09-27,NM-041,NM,New Mexico,NM D3,Established,28,214130,218500,211800.197824,24092.272502,24068.204298,132667.2,133200,134687.51269,0.2635,0.302,75636.06925,77786,34957.8072,40226.4,33347.96,32920,11846.12,11990,9385.965142,9511.26,56013.831308,63591.14,-7577.308692,46037.95,23939.734,920.759,47108.6,20633.5668,55673.8,9575.8936,65309.65,21486.87485,1551.067907,8064,true,8015.616,240,228,12061,3498,902,8577,43112.559472,138493.93075
2026-09-27,NM-042,NM,New Mexico,NM D3,Established,28,217685,221000,214679.487179,24241.897148,24121.290694,136436.3,136300,137953.791709,0.302,0.305,76860.2198,78676,41203.7626,41571.5,34001.2,33400,12111.36,12160,9676.71725,9693.84,62274.70515,64993.66,-2718.95485,47890.7,24759.4919,1101.4861,47890.7,20880.3452,56598.1,9734.8732,65305.5,21485.5095,1581.451163,8064,true,8023.68,264,252,12403,3597,975,8970,43810.325286,140824.7802
2026-09-27,NM-043,NM,New Mexico,NM D3,Converted,28,221265,223500,0,23538.829787,0,140236.4,139400,0,0.3065,0.308,78085.524825,79566,42982.4566,42935.2,34659.24,33880,12379.32,12330,9972.788302,9876.42,64056.633123,66414.78,-2358.146877,49784.625,25589.29725,1294.40025,48678.3,21126.3822,57528.9,9894.9708,65273.175,21474.874575,1612.057674,8064,true,7934.976,288,277,12749,3697,665,7062,44508.74915,143179.475175
2026-09-27,NM-044,NM,New Mexico,NM D3,Converted,28,224870,226000,0,23922.340426,0,144067.5,142500,0,0.311,0.311,79311.649,80456,44804.9925,44317.5,35322.08,34360,12650,12500,10274.221265,10059,65870.340235,67854.5,-1984.159765,51720.1,26428.9711,1499.8829,49471.4,21371.6448,58466.2,10056.1864,65212.3,21454.8467,1642.887442,8064,true,7943.04,312,301,13097,3798,733,7512,45207.63993,145558.351
2026-09-27,NM-045,NM,New Mexico,NM D3,New,21,140527.5,140527.5,0,14949.734043,0,110947.2,109200,0,0.3155,0.314,49531.025288,50027.79,35003.8416,34288.8,26992.29,26130,8262,8100,7460.742828,7218.4725,41819.83406,42868.1175,-1048.28344,33023.9625,16776.17295,1056.7668,30916.05,13293.9015,36537.15,6284.3898,40050.3375,13176.561038,1255.455349,6048,true,5963.328,336,326,10086,2925,603,4904,28232.684414,90996.474712
2026-09-27,NM-046,NM,New Mexico,NM D4,Established,28,232155,231000,226271.929825,25429.879386,25712.719298,142157.2,148700,141449.950249,0.305,0.302,82275.732,82236,43357.946,44907.4,32178,31000,11277.16,10970,10427.448354,10424.16,71751.069646,74749.24,-2998.170354,55717.2,28137.186,1950.102,51074.1,22370.4558,60360.3,10381.9716,65003.4,21386.1186,1496.651163,8064,true,7959.168,240,234,12923,3748,821,8697,46897.16724,149879.268
2026-09-27,NM-047,NM,New Mexico,NM D4,Established,28,177760,176000,172750.242954,19274.26868,19410.139658,145879.8,151800,148705.198777,0.3095,0.305,61869.368,62656,45149.7981,46299,31731.84,31480,10917.2,11140,9364.823314,9744.24,55005.302786,56590.76,-1585.457214,37329.6,18739.4592,1418.5248,39107.2,17050.7392,46217.6,7949.4272,55105.6,18129.7424,1475.899535,8064,true,7967.232,264,259,13262,3846,892,6862,35265.53976,115890.632
2026-09-27,NM-048,NM,New Mexico,NM D4,Established,28,181177.5,178500,175559.593023,19448.101583,19506.621447,149633.4,154900,151912.081218,0.314,0.308,63018.969825,63546,46984.8876,47709.2,32375.48,31960,11174.28,11310,9657.109493,9926.82,56796.987932,58058.38,-1261.392068,38953.1625,19437.628087,1597.079662,39859.05,17298.8277,47106.15,8102.2578,55259.1375,18180.256237,1505.836279,8064,true,7975.296,288,284,13603,3945,967,7196,35920.8128,118158.530175
2026-09-27,NM-049,NM,New Mexico,NM D4,Established,28,184620,181000,183154.761905,20147.02381,20126.896913,153418,158000,155124.368049,0.302,0.311,65266.8624,64436,46332.236,49138,33023.92,32440,11434.08,11480,9954.685972,10109.4,57186.412428,59544.6,-2358.187572,40616.4,21242.3772,690.4788,40616.4,17546.2848,48001.2,8256.2064,55386,18221.994,1535.996279,8064,true,7983.36,312,295,13947,4045,1044,6044,37202.111568,119353.1376
2026-09-27,NM-050,NM,New Mexico,NM D4,Established,28,188087.5,183500,186041.048467,20322.96236,20221.853094,157233.6,161100,158341.993958,0.3065,0.314,66465.420312,65326,48192.0984,50585.4,33677.16,32920,11696.6,11650,10257.595718,10291.98,59026.162995,61049.42,-2023.257005,42319.6875,22006.2375,846.39375,41379.25,17793.0775,48902.75,8411.273,55485.8125,18254.832312,1566.379535,8064,true,7991.424,336,320,14294,4145,1123,6381,37885.289578,121622.079687
2026-09-27,NM-051,NM,New Mexico,NM D4,Established,28,191580,186000,188934.911243,20976.069123,21469.876278,161080.2,164200,161564.894684,0.296,0.302,68087.532,66216,47679.7392,49588.4,34335.2,33400,11961.84,11820,10565.881696,10474.56,58904.349504,60109.84,-1205.490496,44063.4,22780.7778,1013.4582,42147.6,18460.6488,49810.8,8567.4576,55558.2,18278.6478,1596.986047,8064,true,7999.488,240,229,14644,4247,764,6880,38809.89324,123492.468
2026-09-27,NM-052,NM,New Mexico,NM D4,Established,28,195097.5,188500,191836.283186,21145.100428,21554.63856,164957.8,167300,164793.006993,0.3005,0.305,69297.656512,67106,49569.8189,51026.5,34998.04,33880,12229.8,11990,10879.586872,10657.14,60760.04854,61605.36,-845.31146,45847.9125,23565.827025,1192.045725,42921.45,18713.7522,50725.35,8724.7602,55602.7875,18293.317087,1627.815814,8064,true,8007.552,264,254,14996,4349,839,7232,39499.664212,125799.843487
2026-09-27,NM-053,NM,New Mexico,NM D4,Established,28,198640,191000,194745.098039,21313.769063,21638.344227,168866.4,170400,168026.268657,0.305,0.308,70509.2544,67996,51504.252,52483.2,35665.68,34360,12500.48,12160,11198.754213,10839.72,62648.592187,63119.48,-470.887813,47673.6,24361.2096,1382.5344,43700.8,18966.1472,51646.4,8883.1808,55619.2,18298.7168,1658.868837,8064,true,8015.616,288,278,15351,4452,917,7588,40190.275008,128130.7456
2026-09-27,NM-054,NM,New Mexico,NM D4,Established,28,202207.5,193500,197661.290323,21482.089685,21721.020915,172806,173500,176152.905199,0.3095,0.311,70455.159225,68886,53483.457,53958.5,35118.72,34840,12083.4,12330,10964.57208,11022.3,65771.924145,64652.2,1119.724145,42463.575,21571.4961,1358.8344,44485.65,19217.8008,52573.95,9042.7194,62684.325,20623.142925,1633.428837,8064,false,8023.68,312,303,15710,4556,998,7948,40159.440758,131752.340775
2026-09-27,NM-055,NM,New Mexico,NM D4,Established,28,189140,196000,184346.978558,19897.451055,20037.715061,176776.6,176600,179468.629442,0.314,0.314,65866.1136,69776,55507.8524,55452.4,31403,31000,12350,12500,11025.387727,11204.88,66595.578273,70523.52,-3927.941727,40665.1,20535.8755,1423.2785,41610.8,17892.644,49176.4,8458.3408,57687.7,18979.2533,1460.604651,8064,true,7934.976,336,328,16071,4660,1081,5969,37543.684752,123273.8864
2026-09-27,NM-056,NM,New Mexico,NM D4,Established,28,192545,198500,187118.56171,21199.682503,21263.472922,180778.2,179700,182788.877654,0.3035,0.302,67433.1099,70666,54866.1837,54269.4,32046.64,31480,10756.8,10800,11344.985683,11387.46,68150.867917,71267.94,-3117.072083,42359.9,21264.6698,1609.6762,42359.9,18553.6362,50061.7,8610.6124,57763.5,19004.1915,1490.541395,8064,true,7943.04,240,235,16434,4766,1168,6657,38436.872643,125111.8901
2026-09-27,NM-057,NM,New Mexico,NM D4,Established,28,195975,201000,189898.255814,21358.219558,21336.882676,184810.8,182800,186113.595166,0.308,0.305,68585.37075,71556,56921.7264,55754,32695.08,31960,11013.88,10970,11670.117413,11570.04,70128.019737,72809.96,-2681.940263,44094.375,22003.093125,1807.869375,43114.5,18797.922,50953.5,8764.002,57812.625,19020.353625,1520.701395,8064,true,7951.104,264,260,16801,4872,1257,7005,39093.661327,127389.62925
2026-09-27,NM-058,NM,New Mexico,NM D4,Converted,28,199430,203500,0,21215.957447,0,129032,127000,0,0.3125,0.308,70977.137,72446,40322.5,39116,33348.32,32440,11273.68,11140,9171.596896,8996.1,57506.040104,58985.9,-1479.859896,45868.9,23989.4347,779.7713,43874.6,19041.5764,51851.8,8918.5096,57834.7,19027.6163,1551.084651,8064,true,7959.168,288,272,11730,3402,922,7256,40456.96809,128452.863
2026-09-27,NM-059,NM,New Mexico,NM D4,Converted,28,202910,206000,0,21586.170213,0,124375.6,130100,0,0.317,0.311,72180.15975,73336,39427.0652,40461.1,34006.36,32920,11536.2,11310,9062.505144,9178.68,57002.159806,60388.42,-3386.260194,47683.85,24795.602,953.677,44640.2,19284.5664,52756.6,9074.1352,57829.35,19025.85615,1581.691163,8064,true,7967.232,312,297,11307,3279,590,7685,41142.691057,130729.84025
2026-09-27,NM-060,NM,New Mexico,NM D4,New,21,126945.225,128227.5,0,13504.81117,0,96003.9,99900,0,0.271,0.314,45131.566392,45648.99,26017.0569,31368.6,26001.9,25050,8851.08,8610,6582.536453,6598.7325,29713.106839,36758.8575,-7045.750661,30466.854,15751.363518,700.737642,27927.9495,12009.018285,33005.7585,5676.990462,35544.663,11694.194127,1209.390698,6048,true,5981.472,336,321,8728,2531,488,4997,25724.992843,81813.658608
2026-09-27,NM-061,NM,New Mexico,NM D5,Established,28,209945,211000,206435.594887,23106.711473,23458.590328,131665.8,136300,134215.902141,0.2945,0.302,73692.79445,75116,38775.5781,41162.6,34151.04,33880,11417,11650,9214.730294,9543.84,57685.602256,61204.76,-3519.157744,44088.45,22661.4633,1146.2997,46187.9,20230.3002,54585.7,9388.7404,65082.95,21412.29055,1588.420465,8064,true,7983.36,240,231,11970,3471,715,6932,42004.892836,136252.20555
2026-09-27,NM-062,NM,New Mexico,NM D5,Established,28,213500,213500,209313.72549,23259.693765,23518.396122,135357.4,139400,137418.680203,0.299,0.305,74906.475,76006,40471.8626,42517,34806.68,34360,11678.16,11820,9499.721801,9726.42,59393.775799,62616.58,-3222.804201,45902.5,23456.1775,1331.1725,46970,20478.92,55510,9547.72,65117.5,21423.6575,1618.915349,8064,true,7991.424,264,255,12305,3569,782,7304,42696.69075,138593.525
2026-09-27,NM-063,NM,New Mexico,NM D5,Established,28,217080,216000,212199.41349,23412.668622,23577.71261,139080,142500,140626.895854,0.3035,0.308,76121.2728,76896,42210.78,43890,35467.12,34840,11942.04,11990,9789.94632,9909,61132.94648,64047,-2914.05352,47757.6,24260.8608,1528.2432,47757.6,20726.7984,56440.8,9707.8176,65124,21425.796,1649.633488,8064,true,7999.488,288,280,12644,3667,851,7679,43389.125496,140958.7272
2026-09-27,NM-064,NM,New Mexico,NM D5,Established,28,220685,218500,215092.592593,23565.638991,23636.548637,142833.6,145600,143840.483384,0.308,0.311,77336.8514,77786,43992.7488,45281.6,31713,31000,12208.64,12160,10085.446818,10091.58,67322.513382,69816.02,-2493.506618,49654.125,25075.333125,1737.894375,48550.7,20973.9024,57378.1,9869.0332,65102.075,21418.582675,1475.023256,8064,true,8007.552,312,305,12985,3766,923,8059,44082.005298,143348.1486
2026-09-27,NM-065,NM,New Mexico,NM D5,Established,28,224315,221000,217993.197279,23718.60766,23694.912748,146618.2,148700,147059.378134,0.3125,0.314,78552.86985,78676,45818.1875,46691.8,32361.44,31480,12477.96,12330,10386.26626,10274.16,69145.39109,71283.64,-2138.24891,51592.45,25899.4099,1960.5131,49349.3,21220.199,58321.9,10031.3668,65051.35,21401.89415,1505.183256,8064,true,8015.616,336,330,13329,3865,997,8444,44775.135814,145762.13015
2026-09-27,NM-066,NM,New Mexico,NM D5,Established,28,227970,223500,220901.162791,25227.916887,25102.404863,150433.8,151800,150283.516484,0.302,0.302,80270.5167,79566,45431.0076,45843.6,33014.68,31960,12750,12500,10692.447612,10456.74,69244.396688,70492.86,-1248.463312,53572.95,26732.90205,2196.49095,50153.4,21967.1892,59272.2,10194.8184,64971.45,21375.60705,1535.566512,8064,true,8023.68,240,237,13676,3966,1075,9334,45754.194519,147699.4833
2026-09-27,NM-067,NM,New Mexico,NM D5,Established,28,231650,226000,229811.507937,25227.622838,25821.517746,154280.4,154900,153512.835821,0.3065,0.305,82995.562,80456,47286.9426,47244.5,33672.72,32440,11102.4,10800,11004.033841,10639.32,74503.350759,73821.18,682.170759,55596,29076.708,945.132,50963,22219.868,60229,10359.388,64862,21339.598,1566.173023,8064,true,7934.976,264,250,14025,4067,732,7568,47307.47034,148654.438
2026-09-27,NM-068,NM,New Mexico,NM D5,Established,28,235355,228500,232794.263106,25374.574679,25866.029234,158158,158000,161221.202854,0.311,0.308,82701.39345,81346,49187.138,48664,33183.36,32920,10750.6,10970,10809.58494,10821.9,77144.98651,75298.1,1846.88651,49424.55,25700.766,988.491,51778.1,22471.6954,61192.3,10525.0756,72960.05,24003.85645,1543.412093,8064,true,7620.48,288,274,14378,4170,805,7968,47139.794267,152653.60655
2026-09-27,NM-069,NM,New Mexico,NM D5,Established,28,239085,231000,235784.023669,25521.677287,25910.332271,162066.6,161100,164534.619289,0.3155,0.311,83980.9971,82236,51132.0123,50102.1,33834.2,33400,11006.32,11140,11119.469407,11004.48,79153.019993,76793.62,2359.399993,51403.275,26575.493175,1182.275325,52598.7,22722.6384,62162.1,10691.8812,72920.925,23990.984325,1573.683721,8064,true,7951.104,312,298,14733,4273,880,8371,47869.168347,155104.0029
2026-09-27,NM-070,NM,New Mexico,NM D5,Established,28,183040,176000,179980.334317,19347.885939,19563.079817,166006.2,164200,167852.578362,0.32,0.314,64265.344,62656,53121.984,51558.8,34489.84,33880,11264.76,11310,10513.867395,10324.56,61118.860605,58700.24,2418.620605,40268.8,20698.1632,1046.9888,40268.8,17315.584,47590.4,8185.5488,54912,18066.048,1604.178605,8064,true,7959.168,336,323,15091,4377,959,6617,36631.24608,118774.656
2026-09-27,NM-071,NM,New Mexico,NM D5,Established,28,186532.5,178500,182875,20635.78125,20781.25,169976.8,167300,171175.025176,0.293,0.302,65866.491075,63546,49803.2024,50524.6,35150.28,34360,11525.92,11480,10830.234369,10507.14,58163.259106,57723.46,439.799106,41969.8125,21446.574187,1217.124562,41037.15,17974.2717,48498.45,8341.7334,55027.0875,18103.911788,1634.896744,8064,true,7967.232,240,232,15452,4481,1040,7346,37543.899913,120666.008925
2026-09-27,NM-072,NM,New Mexico,NM D5,Established,28,174665,181000,170738.025415,19126.495656,19184.047799,162902.4,170400,163392.577733,0.2975,0.305,61637.53185,64436,48463.464,51972,35815.52,34840,11789.8,11650,10391.540667,10689.72,52104.135183,59228.28,-7124.144817,40172.95,20407.8586,1285.5344,38426.3,16753.8668,45412.9,7811.0188,50652.85,16664.78765,1665.83814,8064,true,7975.296,264,256,14809,4295,1052,7077,35133.393154,113027.46815
2026-09-27,NM-073,NM,New Mexico,NM D5,Converted,28,177995,183500,0,18935.638298,0,166733.5,173500,0,0.302,0.308,62768.1568,65326,50353.517,53438,32023,31000,12056.4,11820,10700.98029,10872.3,58341.29351,65071.7,-6730.40649,41828.825,21123.556625,1464.008875,39158.9,16994.9626,46278.7,7959.9364,50728.575,16689.701175,1489.44186,8064,true,7983.36,288,281,15158,4396,1134,5681,35777.849376,115226.8432
2026-09-27,NM-074,NM,New Mexico,NM D5,Converted,28,181350,186000,0,19292.553191,0,170595.6,176600,0,0.3065,0.311,63900.486,66216,52287.5514,54922.6,32676.24,31480,12325.72,11990,11015.839111,11054.88,60170.238289,66613.72,-6443.481711,43524,21849.048,1653.912,39897,17235.504,47151,8109.972,50778,16705.962,1519.825116,8064,true,7991.424,312,306,15509,4498,1219,6058,36423.27702,117449.514
2026-09-27,NM-075,NM,New Mexico,NM D5,New,21,113608.95,115927.5,0,12086.058511,0,130866.525,134775,0,0.311,0.314,39320.057595,41270.19,40699.489275,42319.35,24161.76,23970,8937.6,9120,7694.844061,8046.3825,39225.342809,42453.1575,-3227.814691,23857.8795,11905.081871,978.17306,24993.969,10747.40667,29538.327,5080.592244,35218.7745,11586.976811,1123.802791,6048,true,5999.616,336,331,11897,3450,621,3964,22412.432829,74288.892405
2026-09-27,AR-001,AR,Arkansas,AR D1,Established,28,173360,176000,171984.126984,19172.321429,19543.650794,123952,127000,125839.593909,0.3005,0.302,61346.9032,62656,37247.576,38354,31403,31000,10670.4,10800,8358.149184,8583.6,48162.930016,50626.4,-2463.469984,37272.4,19493.4652,633.6308,38139.2,16704.9696,45073.6,7752.6592,52874.8,17395.8092,1460.604651,8064,true,8007.552,240,227,11268,3268,631,6557,34967.734824,112013.0968
2026-09-27,AR-002,AR,Arkansas,AR D1,Established,28,176715,178500,174792.284866,19344.988831,19639.582569,127628.1,130100,129047.623862,0.305,0.305,62511.1641,63546,38926.5705,39680.5,32046.64,31480,10926.12,10970,8637.483947,8766.18,49827.490653,52010.32,-2182.829347,38877.3,20216.196,777.546,38877.3,16950.5028,45945.9,7902.6948,53014.5,17441.7705,1490.541395,8064,true,8015.616,264,251,11603,3365,693,6887,35631.363537,114203.8359
2026-09-27,AR-003,AR,Arkansas,AR D1,Established,28,180095,181000,177608.481262,19517.198663,19734.275696,131335.2,133200,132261.02719,0.3095,0.308,63677.9901,64436,40648.2444,41025.6,32695.08,31960,11184.56,11140,8922.051723,8948.76,51524.542777,53412.84,-1888.297223,40521.375,20949.550875,931.991625,39620.9,17195.4706,46824.7,8053.8484,53128.025,17479.120225,1520.701395,8064,true,8023.68,288,275,11940,3462,758,7221,36296.454357,116417.0099
2026-09-27,AR-004,AR,Arkansas,AR D1,Established,28,183500,183500,180432.645034,19688.968848,19827.763191,135073.3,136300,135479.739218,0.28,0.311,64847.065,65326,37820.524,42389.3,33348.32,32440,11445.72,11310,9211.895477,9131.34,48661.653523,54833.96,-6172.306477,42205,21693.37,1097.33,40370,17439.84,47710,8206.12,53215,17507.735,1551.084651,8064,true,7934.976,312,300,12279,3561,826,5907,36962.82705,118652.935
2026-09-27,AR-005,AR,Arkansas,AR D1,Established,28,186930,186000,183264.705882,19860.316496,19920.076726,138842.4,139400,138703.696304,0.3185,0.314,66018.0681,66216,44221.3044,43771.6,34006.36,32920,11709.6,11480,9507.058176,9313.92,55016.354324,56273.68,-1257.325676,43928.55,22447.48905,1273.92795,41124.6,17683.578,48601.8,8359.5096,53275.05,17527.49145,1581.691163,8064,true,7943.04,336,325,12622,3660,897,6236,37630.298817,120911.9319
2026-09-27,AR-006,AR,Arkansas,AR D1,Established,28,190385,188500,186104.59433,21169.397605,21148.249356,142642.5,142500,141932.835821,0.308,0.302,67609.5212,67106,43933.89,43035,34669.2,33400,11976.2,11650,9807.582785,9496.5,55090.428415,55594.5,-504.071585,45692.4,23211.7392,1462.1568,41884.7,18345.4986,49500.1,8514.0172,53307.8,17538.2662,1612.52093,8064,true,7951.104,240,233,12967,3761,970,6944,38537.427084,122775.4788
2026-09-27,AR-007,AR,Arkansas,AR D1,Established,28,193865,191000,188952.241715,21336.741902,21230.588957,146473.6,145600,149310.49949,0.296,0.305,67596.8482,67996,43356.1856,44408,34151.04,33880,11583.6,11820,9639.816648,9679.08,55578.577152,57024.92,-1446.342848,40711.65,20559.38325,1424.90775,42650.3,18595.5308,50404.9,8669.6428,60098.15,19772.29135,1588.420465,8064,true,7959.168,264,258,13316,3862,1047,7297,38530.203474,126268.1518
2026-09-27,AR-008,AR,Arkansas,AR D1,Established,28,197370,193500,191807.580175,20821.778426,21311.953353,150335.7,148700,152625.076142,0.3005,0.308,68778.51075,68886,45175.87785,45799.6,34806.68,34360,11846.12,11990,9938.703944,9861.66,57362.884656,58473.94,-1111.055344,42434.55,21302.1441,1612.5129,43421.4,18844.8876,51316.2,8826.3864,60197.85,19805.09265,1618.915349,8064,false,7967.232,288,283,13667,3963,713,7413,39203.751128,128591.48925
2026-09-27,AR-009,AR,Arkansas,AR D1,Established,28,200900,196000,194670.542636,20985.912343,21392.367323,154228.8,151800,155944.186047,0.305,0.311,69961.416,69776,47039.784,47209.8,35467.12,34840,12111.36,12160,10242.981795,10044.24,59179.738205,59941.56,-761.821795,44198,22054.802,1812.118,44198,19093.536,52234,8984.248,60270,19828.83,1649.633488,8064,true,7975.296,312,308,14021,4066,785,7765,39878.00712,130938.584
2026-09-27,AR-010,AR,Arkansas,AR D1,Established,28,204455,198500,202832.34127,21716.288712,22046.993616,148084.4,154900,149128.298087,0.3095,0.314,72387.29275,70666,45832.1218,48638.6,31713,31000,12379.32,12330,10081.32627,10226.82,64045.76828,65747.78,-1702.01172,46002.375,24059.242125,782.040375,44980.1,19341.443,53158.3,9143.2276,60314.225,19843.380025,1475.023256,8064,true,7983.36,336,318,13462,3904,804,6515,41260.756867,132067.70725
2026-09-27,AR-011,AR,Arkansas,AR D1,Established,28,208035,201000,205771.513353,23125.912126,23383.126517,151838,158000,152294.884654,0.299,0.302,74079.18315,71556,45399.562,47716,32361.44,31480,12650,12500,10382.335964,10409.4,64084.969186,64882.6,-797.630814,47848.05,24880.986,956.961,45767.7,20046.2526,54089.1,9303.3252,60330.15,19848.61935,1505.183256,8064,true,7991.424,240,228,13803,4003,877,7262,42225.134395,133955.81685
2026-09-27,AR-012,AR,Arkansas,AR D1,Established,28,211640,203500,208717.948718,23287.294728,23451.454912,155622.6,161100,155467.132867,0.3035,0.305,75322.676,72446,47231.4591,49135.5,33014.68,31960,11016,10800,10688.678924,10591.98,67834.776176,68229.52,-394.743824,49735.4,25713.2018,1143.9142,46560.8,20300.5088,55026.4,9464.5408,60317.4,19844.4246,1535.566512,8064,true,7999.488,264,252,14148,4103,952,7638,42933.92532,136317.324
2026-09-27,AR-013,AR,Arkansas,AR D1,Converted,28,215270,206000,0,22901.06383,0,159438.2,164200,0,0.308,0.308,76567.2336,73336,49106.9656,50573.6,33672.72,32440,11277.16,10970,11000.398116,10774.56,69723.921084,69725.04,-1.118916,51664.8,26555.7072,1343.2848,47359.4,20553.9796,55970.2,9626.8744,60275.6,19830.6724,1566.173023,8064,true,8007.552,288,277,14494,4203,1030,7832,43643.323152,138702.7664
2026-09-27,AR-014,AR,Arkansas,AR D1,Converted,28,201202.5,208500,0,21404.521277,0,163284.8,167300,0,0.3125,0.311,70231.74465,74226,51026.5,52030.3,33183.36,32920,10917.2,11140,10516.546964,10957.14,66641.137686,71239.16,-4598.022314,42252.525,21591.040275,1225.323225,44264.55,19122.2856,52312.65,8997.7758,62372.775,20520.642975,1543.412093,8064,true,8015.616,312,301,14844,4305,1111,7620,40032.094451,130970.75535
2026-09-27,AR-015,AR,Arkansas,AR D1,New,21,125872.05,129765,0,13390.643617,0,125371.8,127800,0,0.317,0.314,43914.870164,46196.34,39742.8606,40129.2,25375.65,25050,8380.71,8482.5,7691.992216,7927.515,42209.378549,44865.525,-2656.146451,27062.49075,13747.745301,865.999704,27691.851,11907.49593,32726.733,5628.998076,38390.97525,12630.630857,1180.262791,6048,true,6017.76,336,326,11397,3305,896,4955,25031.475994,81957.179836
2026-09-27,AR-016,AR,Arkansas,AR D2,Established,28,208162.5,213500,202887.426901,22525.115464,23055.389421,171071,173500,172973.710819,0.3065,0.302,73040.058,76006,52433.2615,52397,34489.84,33880,11434.08,11480,11135.527634,11322.3,68413.871866,71720.7,-3306.828134,45795.75,23126.85375,1602.85125,45795.75,20058.5385,54122.25,9309.027,62448.75,20545.63875,1604.178605,8064,true,7934.976,240,234,15552,4510,812,6758,41632.83306,135122.442
2026-09-27,AR-017,AR,Arkansas,AR D2,Established,28,211680,216000,205714.285714,22674.799358,23113.964687,175010.6,176600,176244.310171,0.311,0.305,74224.5336,76896,54428.2966,53863,35150.28,34360,11696.6,11650,11453.16825,11504.88,70352.78195,73244.12,-2891.33805,47628,23909.256,1809.864,46569.6,20304.3456,55036.8,9466.3296,62445.6,20544.6024,1634.896744,8064,true,7943.04,264,259,15910,4614,891,7120,42307.984152,137455.4664
2026-09-27,AR-018,AR,Arkansas,AR D2,Established,28,215222.5,218500,208548.934109,22824.522233,23172.10379,178981.2,179700,179519.759278,0.299,0.308,75409.65955,77786,53515.3788,55347.6,35815.52,34840,11961.84,11820,11776.299674,11687.46,69371.378676,74786.14,-5414.761324,49501.175,24701.086325,2029.548175,47348.95,20549.4443,55957.85,9624.7502,62414.525,20534.378725,1665.83814,8064,true,7951.104,288,284,16271,4719,972,7486,42983.505943,139812.84045
2026-09-27,AR-019,AR,Arkansas,AR D2,Established,28,218790,221000,217053.571429,23589.668367,23852.040816,182982.8,182800,182800,0.3035,0.311,77983.3197,78676,55535.2798,56850.8,32023,31000,12229.8,11990,12104.964872,11870.04,77160.834628,80666.76,-3505.925372,51415.65,26890.38495,874.06605,48133.8,20793.8016,56885.4,9784.2888,62355.15,20514.84435,1489.44186,8064,true,7959.168,312,295,16635,4824,1056,8068,44450.492229,140806.6803
2026-09-27,AR-020,AR,Arkansas,AR D2,Established,28,222382.5,223500,219962.908012,23741.648658,23909.01174,127762,127000,127126.368159,0.308,0.314,79221.5418,79566,39350.696,39878,32676.24,31480,12500.48,12160,9583.074424,9296.1,63812.443376,66507.9,-2695.456624,53371.8,27753.336,1067.436,48924.15,21037.3845,57819.45,9944.9454,62267.1,20485.8759,1519.825116,8064,true,7967.232,336,320,11615,3368,781,8452,45156.278826,143160.9582
2026-09-27,AR-021,AR,Arkansas,AR D2,Established,28,226000,226000,222879.684418,25251.255155,25327.236866,131531.1,130100,134078.593272,0.2975,0.302,79470.64,80456,39130.50225,39290.2,32215.68,31960,12083.4,12330,9455.857873,9478.68,64846.204377,65977.52,-1131.315623,47460,24536.82,1091.58,49720,21777.36,58760,10106.72,70060,23049.74,1498.403721,8064,true,7975.296,240,229,11957,3468,850,9343,45298.2648,146529.36
2026-09-27,AR-022,AR,Arkansas,AR D2,Established,28,229642.5,228500,225803.834808,25396.588612,25371.217394,135331.2,133200,137392.081218,0.302,0.305,80718.190537,81346,40870.0224,40626,32861.72,32440,12350,12500,9747.11393,9661.26,66629.379007,67370.74,-741.360993,49373.1375,25377.792675,1283.701575,50521.35,22027.3086,59707.05,10269.6126,70040.9625,23043.476662,1528.452093,8064,true,7983.36,264,254,12303,3568,921,7619,46009.368606,148924.309462
2026-09-27,AR-023,AR,Arkansas,AR D2,Established,28,233310,231000,228735.294118,25542.107843,25415.03268,130302.8,136300,131752.072801,0.2725,0.308,81966.4692,82236,35507.513,41980.4,33512.56,32920,10756.8,10800,9633.029991,9843.84,63571.592209,70652.56,-7080.967791,51328.2,26228.7102,1488.5178,51328.2,22276.4388,60660.6,10433.6232,69993,23027.697,1558.723721,8064,true,7991.424,288,278,11846,3435,931,8020,46720.887444,151343.5308
2026-09-27,AR-024,AR,Arkansas,AR D2,Established,28,178640,176000,174623.655914,18748.056245,19189.412738,133963.4,139400,134907.75428,0.311,0.311,62723.1836,62656,41662.6174,43353.4,34168.2,33400,11013.88,10970,9022.686534,9163.92,50181.034466,52475.48,-2294.445534,40194,20418.552,1286.208,39300.8,16977.9456,46446.4,7988.7808,52698.8,17337.9052,1589.218605,8064,true,7620.48,312,303,12178,3532,636,6149,35752.214652,115916.8164
2026-09-27,AR-025,AR,Arkansas,AR D2,Established,28,182070,178500,177456.140351,18922.2254,19288.710908,137655,142500,138069.207623,0.3155,0.314,63884.7216,63546,43430.1525,44745,34828.64,33880,11273.68,11140,9311.93109,9346.5,51900.62301,53924.5,-2023.87699,41876.1,21147.4305,1465.6635,40055.4,17223.822,47338.2,8142.1704,52800.3,17371.2987,1619.936744,8064,true,8007.552,336,328,12514,3629,700,6471,36414.291312,118185.2784
2026-09-27,AR-026,AR,Arkansas,AR D2,Established,28,185525,181000,180296.404276,20180.904342,20488.227759,141377.6,145600,141236.363636,0.305,0.302,65456.002875,64436,43120.168,43971.2,35493.88,34360,11536.2,11310,9606.451624,9529.08,51939.639251,53208.12,-1268.480749,43598.375,21886.38425,1656.73825,40815.5,17877.189,48236.5,8296.678,52874.625,17395.751625,1650.87814,8064,true,8015.616,240,235,12853,3727,768,7184,37309.921639,120068.997125
2026-09-27,AR-027,AR,Arkansas,AR D2,Established,28,189005,183500,183144.379845,20351.661985,20578.020207,145131.2,148700,144409.154229,0.3095,0.305,66628.0426,65326,44918.1064,45353.5,36163.92,34840,11801.44,11480,9906.291102,9711.66,53674.497898,54647.84,-973.342102,45361.2,22635.2388,1859.8092,41581.1,18129.3596,49141.3,8452.3036,52921.4,17411.1406,1682.042791,8064,true,8023.68,264,260,13194,3826,838,7530,37977.984282,122376.9574
2026-09-27,AR-028,AR,Arkansas,AR D2,Converted,28,192510,186000,0,20479.787234,0,148915.8,151800,0,0.314,0.308,67767.3702,66216,46759.5612,46754.4,31248,31000,11417,11650,9729.898794,9894.24,62132.032606,60426.16,1705.872606,40427.1,21143.3733,687.2607,42352.2,18380.8548,50052.6,8609.0472,59678.1,19634.0949,1453.395349,8064,true,7934.976,288,272,13538,3926,911,6144,38627.401014,124742.6298
2026-09-27,AR-029,AR,Arkansas,AR D2,Converted,28,196040,188500,0,20855.319149,0,152731.4,154900,0,0.302,0.311,68987.4562,67106,46124.8828,48173.9,31889.24,31480,11678.16,11820,10028.165409,10076.82,61516.773591,61903.08,-386.306409,42148.6,21917.272,842.972,43128.8,18631.6416,50970.4,8766.9088,59792.2,19671.6338,1483.220465,8064,true,7943.04,312,297,13885,4027,987,6549,39322.850034,127052.5438
2026-09-27,AR-030,AR,Arkansas,AR D2,New,21,122750.925,117465,0,13058.609043,0,117433.5,118500,0,0.3065,0.314,43178.865378,41817.54,35993.36775,37209,24401.46,23970,8956.53,8992.5,7333.876704,7307.775,38480.366424,38756.265,-275.898576,27005.2035,13961.690209,621.11968,27005.2035,11612.237505,31915.2405,5489.421366,36825.2775,12115.516297,1134.951628,6048,true,5963.328,336,321,10676,3096,799,4283,24611.953265,79572.059622
2026-09-27,AR-031,AR,Arkansas,AR D3,Established,28,186727.5,193500,183606.19469,20968.662007,20864.340306,160455.6,161100,161586.706949,0.296,0.302,66061.388587,68886,47494.8576,48652.2,33186.12,32440,12208.64,12160,10387.49287,10441.98,57773.993318,62496.22,-4722.226682,42013.6875,21595.035375,1092.355875,41080.05,17993.0619,48549.15,8350.4538,55084.6125,18122.837512,1543.540465,8064,true,7959.168,240,231,14587,4230,1146,7171,37654.991495,120666.111413
2026-09-27,AR-032,AR,Arkansas,AR D3,Established,28,190120,196000,186392.156863,20461.251377,20942.938973,164364.2,164200,164858.776329,0.3005,0.305,67222.6296,69776,49391.4421,50081,33841.76,32920,12477.96,12330,10698.658648,10624.56,59595.693052,63982.44,-4386.746948,43727.6,22344.8036,1268.1004,41826.4,18236.3104,49431.2,8502.1664,55134.8,18139.3492,1574.035349,8064,true,7967.232,264,255,14942,4333,780,7284,38316.898872,122897.3704
2026-09-27,AR-033,AR,Arkansas,AR D3,Established,28,193537.5,198500,189186.217009,20621.297654,21020.690779,168303.8,167300,168135.664336,0.305,0.308,68385.507938,70666,51332.659,51528.4,34502.2,33400,12750,12500,11015.300912,10807.14,61450.666026,65487.26,-4036.593974,45481.3125,23104.50675,1455.402,42578.25,18478.9605,50319.75,8654.997,55158.1875,18147.043688,1604.753488,8064,true,7975.296,288,280,15300,4437,856,7630,38979.739524,125151.992062
2026-09-27,AR-034,AR,Arkansas,AR D3,Established,28,196980,201000,191988.304094,20781.151597,21097.615834,172274.4,170400,171417.313433,0.3095,0.311,69549.6984,71556,53318.9268,52994.4,35167.44,33880,11102.4,10800,11337.462629,10989.72,65261.322571,68880.68,-3619.357429,47275.2,23873.976,1654.632,43335.6,18720.9792,51214.8,8808.9456,55154.4,18145.7976,1635.694884,8064,true,7983.36,312,305,15661,4542,936,6234,39643.328088,127430.3016
2026-09-27,AR-035,AR,Arkansas,AR D3,Established,28,200447.5,203500,194798.347911,20940.8224,21173.733469,176276,173500,179690.11213,0.314,0.314,69501.161675,72446,55350.664,54479,34634.88,34360,10750.6,10970,11095.11018,11172.3,68371.235495,70422.7,-2051.464505,42093.975,21131.17545,1599.57105,44098.45,18962.3335,52116.35,8964.0122,62138.725,20443.640525,1610.924651,8064,true,7991.424,336,330,16025,4647,1018,6575,39615.662155,130946.338325
2026-09-27,AR-036,AR,Arkansas,AR D3,Established,28,203940,206000,197616.27907,22299.200581,22456.395349,168829.6,176600,171400.609137,0.3035,0.302,71115.9174,73336,51239.7836,53333.2,35292.92,34840,11006.32,11140,10888.604003,11354.88,65167.856997,69334.32,-4166.463003,43847.1,21879.7029,1797.7311,44866.8,19651.6584,53024.4,9120.1968,62201.7,20464.3593,1641.531163,8064,true,7999.488,240,237,15348,4451,1033,7314,40536.072918,132824.0826
2026-09-27,AR-037,AR,Arkansas,AR D3,Established,28,207457.5,208500,205811.011905,23055.4583,23124.832798,172691.7,179700,174612.436805,0.308,0.305,73522.938,74226,53189.0436,54808.5,31558,31000,11264.76,11310,11199.796562,11537.46,72689.425038,75187.04,-2497.614962,45640.65,23870.05995,775.89105,45640.65,19899.3234,53938.95,9277.4994,62237.25,20476.05525,1467.813953,8064,false,8007.552,264,250,15699,4553,1115,7885,41908.07466,133934.562
2026-09-27,AR-038,AR,Arkansas,AR D3,Established,28,211000,211000,208704.253215,23212.55083,23189.361468,176584.8,182800,177829.607251,0.3125,0.308,74747.805,75116,55182.75,56302.4,32204.04,31480,11525.92,11480,11516.393997,11720.04,74684.201003,76738.36,-2054.158997,47475,24687,949.5,46420,20146.28,54860,9435.92,62245,20478.605,1497.862326,8064,true,8015.616,288,274,16053,4655,1201,8264,42606.24885,136252.195
2026-09-27,AR-039,AR,Arkansas,AR D3,Established,28,214567.5,213500,211605.029586,23369.566454,23253.299954,123317,127000,123688.064193,0.317,0.311,75974.0604,76006,39091.489,39497,32854.88,31960,11789.8,11650,9134.520626,9146.1,61286.348774,62746.9,-1460.551226,49350.525,25514.221425,1135.062075,47204.85,20392.4952,55787.55,9595.4586,62224.575,20471.885175,1528.133953,8064,true,8023.68,312,298,11211,3251,881,8647,43305.214428,138593.4396
2026-09-27,AR-040,AR,Arkansas,AR D3,Established,28,218160,216000,214513.274336,22780.377068,23316.660254,126977.6,130100,126850.749251,0.305,0.314,77201.37,76896,38728.168,40851.4,33510.52,32440,12056.4,11820,9421.574624,9328.68,60941.043376,64158.72,-3217.676624,51267.6,26351.5464,1332.9576,47995.2,20637.936,56721.6,9756.1152,62175.6,20455.7724,1558.628837,8064,true,7934.976,336,323,11543,3348,603,6834,44004.7809,140958.63
2026-09-27,AR-041,AR,Arkansas,AR D3,Established,28,221777.5,218500,217428.921569,24238.383189,24707.831996,130669.2,133200,130019.104478,0.2945,0.302,78917.3056,77786,38482.0794,40226.4,34170.96,32920,12325.72,11990,9713.890278,9511.26,61188.814722,63591.14,-2402.325278,53226.6,27198.7926,1543.5714,48791.05,21370.4799,57662.15,9917.8898,62097.7,20430.1433,1589.346977,8064,true,7943.04,240,232,11879,3445,665,7611,44982.864192,142860.1944
2026-09-27,AR-042,AR,Arkansas,AR D3,Established,28,225420,221000,220351.906158,24387.261524,24758.641141,134391.8,136300,136994.699286,0.265,0.305,78741.4602,78676,35613.827,41571.5,33667.2,33400,11916.8,12160,9576.887474,9693.84,59194.399726,64993.66,-5799.260274,47338.2,24047.8056,1514.8224,49592.4,21622.2864,58609.2,10080.7824,69880.2,22990.5858,1565.916279,8064,true,7951.104,264,256,12217,3543,730,7999,44882.632314,146678.5398
2026-09-27,AR-043,AR,Arkansas,AR D3,Converted,28,229087.5,223500,0,24371.010638,0,138145.4,139400,0,0.3035,0.308,79979.028,79566,41927.1289,42935.2,34320.44,33880,12182.04,12330,9867.716197,9876.42,65535.960703,66414.78,-878.819297,49253.8125,24873.175312,1723.883437,50399.25,21873.2745,59562.75,10244.793,69871.6875,22987.785187,1596.299535,8064,true,7959.168,288,281,12559,3642,798,8335,45588.04596,149108.472
2026-09-27,AR-044,AR,Arkansas,AR D3,Converted,28,232780,226000,0,24763.829787,0,141930,142500,0,0.308,0.311,81216.942,80456,43714.44,44317.5,34978.48,34360,12450,12500,10163.83522,10059,67339.06678,67854.5,-515.43322,51211.6,25708.2232,1946.0408,51211.6,22123.4112,60522.8,10409.9216,69834,22975.386,1626.906047,8064,true,7967.232,312,306,12903,3742,868,8816,46293.65694,151563.058
2026-09-27,AR-045,AR,Arkansas,AR D3,New,21,145445.9625,140527.5,0,15472.974734,0,109309.2,109200,0,0.3125,0.314,50709.734826,50027.79,34159.125,34288.8,26730.99,26130,8132.4,8100,7357.28733,7218.4725,42648.182496,42868.1175,-219.935004,32725.341562,16329.94544,1341.739004,31998.11175,13759.188052,37815.95025,6504.343443,42906.558938,14116.25789,1243.30186,6048,true,5981.472,336,331,9937,2882,706,5725,28904.548851,94736.227674
2026-09-27,AR-046,AR,Arkansas,AR D4,Established,28,240240,231000,238333.333333,27110.416667,27083.333333,149592.2,148700,150042.326981,0.302,0.302,85712.8272,82236,45176.8444,44907.4,31868,31000,11101.64,10970,10772.116032,10424.16,77147.915568,74749.24,2398.675568,55255.2,28898.4696,939.3384,52852.8,23149.5264,62462.4,10743.5328,69669.6,22921.2984,1482.232558,8064,true,7983.36,240,227,13599,3944,1018,8133,48856.311504,154527.1728
2026-09-27,AR-047,AR,Arkansas,AR D4,Established,28,183920,176000,181918.892186,20542.52659,20440.324965,153469.8,151800,153316.483516,0.3065,0.305,65586.7916,62656,47038.4937,46299,32518.84,31480,11362.8,11140,10159.016252,9744.24,58584.629048,56590.76,1993.869048,43221.2,22475.024,864.424,40462.4,17641.6064,47819.2,8224.9024,52417.2,17245.2588,1512.504186,8064,true,7991.424,264,251,13952,4046,1096,6450,37384.471212,118333.2084
2026-09-27,AR-048,AR,Arkansas,AR D4,Established,28,172252.5,178500,169874.260355,18440.794707,18874.917817,157378.4,154900,156595.422886,0.311,0.308,61390.791,63546,48944.6824,47709.2,33174.48,31960,11626.68,11310,10238.642137,9926.82,55295.671263,58058.38,-2762.708737,41340.6,21373.0902,950.8338,37895.55,16446.6687,44785.65,7703.1318,48230.7,15867.9003,1542.99907,8064,true,7999.488,288,275,14307,4149,747,6049,34992.75087,110861.709
2026-09-27,AR-049,AR,Arkansas,AR D4,Established,28,175570,181000,172635.201573,18610.454148,18970.901272,151048,158000,153973.496432,0.3155,0.311,61395.0733,64436,47655.644,49138,32699.52,32440,11250.4,11480,9565.88864,10109.4,55534.90866,59544.6,-4009.69134,36869.7,18951.0258,958.6122,38625.4,16686.1728,45648.2,7851.4904,54426.7,17906.3843,1520.907907,8064,true,8007.552,312,300,13732,3982,769,6365,34995.191781,114174.9267
2026-09-27,AR-050,AR,Arkansas,AR D4,Established,28,178912.5,183500,175404.411765,18779.711477,19065.696931,154817.1,161100,157174.720812,0.32,0.314,62535.286125,65326,49541.472,50585.4,33347.96,32920,11510.2,11650,9860.118853,10291.98,57358.479272,61049.42,-3690.940728,38466.1875,19656.221812,1115.519438,39360.75,16925.1225,46517.25,8000.967,54568.3125,17952.974813,1551.067907,8064,true,8015.616,336,325,14074,4082,841,6686,35645.113091,116377.213875
2026-09-27,AR-051,AR,Arkansas,AR D4,Established,28,182280,186000,178181.818182,20025.206612,20247.933884,158617.2,164200,160381.395349,0.293,0.302,64078.7112,66216,46474.8396,49588.4,34001.2,33400,11772.72,11820,10159.653689,10474.56,54619.977111,60109.84,-5489.862889,40101.6,20371.6128,1283.2512,40101.6,17564.5008,47392.8,8151.5616,54684,17991.036,1581.451163,8064,true,8023.68,240,233,14420,4182,916,7409,36524.865384,118201.2888
2026-09-27,AR-052,AR,Arkansas,AR D4,Established,28,185672.5,188500,180967.348928,20191.076122,20333.409992,162448.3,167300,163593.454179,0.2975,0.305,65230.4627,67106,48328.36925,51026.5,34659.24,33880,12037.96,11990,10464.536113,10657.14,56397.095837,61605.36,-5208.264163,41776.3125,21097.037812,1462.170937,40847.95,17809.7062,48274.85,8303.2742,54773.3875,18020.444488,1612.057674,8064,true,7934.976,264,258,14768,4283,994,6057,37181.363739,120442.0373
2026-09-27,AR-053,AR,Arkansas,AR D4,Established,28,189090,191000,183760.932945,20356.627794,20417.881438,166310.4,170400,166810.832497,0.302,0.308,66383.8263,67996,50225.7408,52483.2,35322.08,34360,12305.92,12160,10774.809091,10839.72,58206.758009,63119.48,-4912.721991,43490.7,21832.3314,1652.6466,41599.8,18054.3132,49163.4,8456.1048,54836.1,18041.0769,1642.887442,8064,true,7943.04,288,283,15119,4385,1074,6392,37838.780991,122706.1737
2026-09-27,AR-054,AR,Arkansas,AR D4,Established,28,192532.5,193500,186562.5,20521.875,20501.373626,170203.5,173500,170033.466533,0.3065,0.311,67538.475675,68886,52167.37275,53958.5,35989.72,34840,12576.6,12330,11090.51559,11022.3,60049.012835,64652.2,-4603.187165,45245.1375,22577.323613,1855.050637,42357.15,18298.2888,50058.45,8610.0534,54871.7625,18052.809862,1673.940465,8064,true,7951.104,312,308,15473,4487,1158,6731,38496.931135,124994.024325
2026-09-27,AR-055,AR,Arkansas,AR D4,Established,28,196000,196000,194444.444444,21240.942029,21135.2657,174127.6,176600,173261.293532,0.311,0.314,69964.16,69776,54153.6836,55452.4,32178,31000,12850,12500,11411.698575,11204.88,67678.145025,70523.52,-2845.374975,47040,24601.92,799.68,43120,18541.6,50960,8765.12,54880,18055.52,1496.651163,8064,true,7620.48,336,318,15830,4591,1244,7264,39879.5712,126035.84
2026-09-27,AR-056,AR,Arkansas,AR D4,Established,28,199492.5,198500,197321.958457,21907.221979,22422.949825,178082.7,179700,181531.804281,0.3005,0.302,70275.222975,70666,53513.85135,54269.4,31731.84,31480,10584,10800,11162.481561,11387.46,70310.752764,71267.94,-957.187236,41893.425,21784.581,837.8685,43888.35,19223.0973,51868.05,8921.3046,61842.675,20346.240075,1475.899535,8064,true,7967.232,240,228,16189,4695,845,7799,40056.877096,129217.277025
2026-09-27,AR-057,AR,Arkansas,AR D4,Established,28,203010,201000,200207.100592,22067.771425,22495.179842,182068.8,182800,184841.42132,0.305,0.305,71487.9414,71556,55530.984,55754,32375.48,31960,10838.36,10970,11481.85537,11570.04,72323.23003,72809.96,-486.72997,43647.15,22565.57655,1003.88445,44662.2,19472.7192,52782.6,9078.6072,61918.05,20371.03845,1505.836279,8064,true,7975.296,264,252,16552,4800,926,8165,40748.126598,131522.0586
2026-09-27,AR-058,AR,Arkansas,AR D4,Converted,28,206552.5,203500,0,21973.670213,0,127127,127000,0,0.3095,0.308,72702.34895,72446,39345.8065,39116,33023.92,32440,11095.44,11140,9073.753458,8996.1,58855.041992,58985.9,-130.858008,45441.55,23356.9567,1181.4803,45441.55,19721.6327,53703.65,9237.0278,61965.75,20386.73175,1535.996279,8064,true,7983.36,288,277,11557,3352,691,6592,41440.338901,133850.15105
2026-09-27,AR-059,AR,Arkansas,AR D4,Converted,28,210120,206000,0,22353.191489,0,130880.6,130100,0,0.314,0.311,73918.1148,73336,41096.5084,40461.1,33677.16,32920,11355.24,11310,9363.15417,9178.68,60619.06903,60388.42,230.64903,47277,24158.547,1371.033,46226.4,19969.8048,54631.2,9396.5664,61985.4,20393.1966,1566.379535,8064,true,7991.424,312,301,11898,3450,756,7019,42133.325436,136201.8852
2026-09-27,AR-060,AR,Arkansas,AR D4,New,21,131433.1875,128227.5,0,13982.253989,0,100998.9,99900,0,0.3185,0.314,46207.965729,45648.99,32168.14965,31368.6,25751.4,25050,8713.32,8610,6799.097082,6598.7325,37112.298298,36758.8575,353.440798,30229.633125,15356.653627,967.34826,28915.30125,12433.579537,34172.62875,5877.692145,38115.624375,12540.040419,1197.739535,6048,true,5999.616,336,326,9182,2663,618,4586,26338.540466,85225.221771
2026-09-27,AR-061,AR,Arkansas,AR D5,Established,28,217330,211000,211822.612086,23998.539119,24070.751373,138480.8,136300,138342.457542,0.274,0.302,76830.5016,75116,37943.7392,41162.6,34998.04,33880,11883,11650,9957.955392,9543.84,57935.245408,61204.76,-3269.514592,51072.55,25791.63775,1787.53925,47812.6,20941.9188,56505.8,9718.9976,61939.05,20377.94745,1627.815814,8064,true,8007.552,240,234,12589,3651,894,8208,43793.385912,140499.4984
2026-09-27,AR-062,AR,Arkansas,AR D5,Established,28,220972.5,213500,214744.897959,24152.76886,24128.64022,133266.4,139400,132603.383085,0.296,0.305,78056.3259,76006,39446.8544,42517,35665.68,34360,12150.96,11820,9826.683513,9726.42,59859.856787,62616.58,-2756.723213,53033.4,26622.7668,2015.2692,48613.95,21195.6822,57452.85,9881.8902,61872.3,20355.9867,1658.868837,8064,true,8015.616,264,259,12115,3513,906,8598,44492.105763,142916.1741
2026-09-27,AR-063,AR,Arkansas,AR D5,Established,28,224640,216000,217674.418605,24306.976744,24186.046512,136942.5,142500,139594.801223,0.3005,0.308,77945.5872,76896,41151.22125,43890,35118.72,34840,11750.2,11990,9680.753775,9909,62547.134675,64047,-1499.865325,47174.4,23540.0256,1934.1504,49420.8,21448.6272,58406.4,10045.9008,69638.4,22911.0336,1633.428837,8064,true,8023.68,288,284,12449,3610,978,8994,44428.984704,146694.4128
2026-09-27,AR-064,AR,Arkansas,AR D5,Established,28,228332.5,218500,226520.337302,24319.820829,24892.344758,140649.6,145600,142791.472081,0.305,0.311,80498.622875,77786,42898.128,45281.6,31403,31000,12014.08,12160,9971.011943,10091.58,70008.658932,69816.02,192.638932,49091.4875,25674.847962,834.555287,50233.15,21700.7208,59366.45,10211.0294,69641.4125,22912.024712,1460.604651,8064,true,7934.976,312,295,12786,3708,667,7296,45884.215039,147833.877125
2026-09-27,AR-065,AR,Arkansas,AR D5,Established,28,213265,221000,210944.609298,22493.115404,22928.76188,144387.7,148700,145993.629929,0.3095,0.314,75158.8513,78676,44687.99315,46691.8,32046.64,31480,12280.68,12330,9977.228446,10274.16,65542.296004,71283.64,-5741.343996,46918.3,24397.516,938.366,46918.3,20174.869,55448.9,9537.2108,63979.5,21049.2555,1490.541395,8064,true,7943.04,336,320,13126,3807,735,7063,42840.545241,138106.1487
2026-09-27,AR-066,AR,Arkansas,AR D5,Established,28,216795,223500,213801.775148,23931.221423,24295.656267,148156.8,151800,149201.208459,0.299,0.302,76845.1557,79566,44298.8832,45843.6,32695.08,31960,12550,12500,10274.751749,10456.74,65624.207151,70492.86,-4868.652849,48778.875,25218.678375,1121.914125,47694.9,20890.3662,56366.7,9695.0724,63954.525,21041.038725,1520.701395,8064,false,7951.104,240,229,13469,3906,805,7849,43801.738749,139949.8443
2026-09-27,AR-067,AR,Arkansas,AR D5,Established,28,220350,226000,216666.666667,24076.779026,24344.569288,151956.9,154900,152414.142427,0.3035,0.305,78063.3945,80456,46118.91915,47244.5,33348.32,32440,10929.6,10800,10577.608318,10639.32,69326.785332,73821.18,-4494.394668,50680.5,26049.777,1317.693,48477,21135.972,57291,9854.052,63901.5,21023.5935,1551.084651,8064,true,7959.168,264,254,13814,4006,877,8234,44496.134865,142286.6055
2026-09-27,AR-068,AR,Arkansas,AR D5,Established,28,223930,228500,219539.215686,24222.493464,24393.246187,155788,158000,155632.367632,0.308,0.308,79282.4165,81346,47982.704,48664,34006.36,32920,11189.4,10970,10885.84112,10821.9,71183.51938,75298.1,-4114.58062,52623.55,26890.63405,1526.08295,49264.6,21380.8364,58221.8,10014.1496,63820.05,20996.79645,1581.691163,8064,true,7967.232,288,278,14163,4107,953,8623,45190.977405,144647.5835
2026-09-27,AR-069,AR,Arkansas,AR D5,Established,28,227535,231000,222419.354839,24368.362283,24441.687345,159650.1,161100,158855.820896,0.3125,0.311,80501.883,82236,49890.65625,50102.1,34669.2,33400,11451.92,11140,11199.49312,11004.48,73071.92613,76793.62,-3721.69387,54608.4,27741.0672,1747.4688,50057.7,21624.9264,59159.1,10175.3652,63709.8,20960.5242,1612.52093,8064,true,7975.296,312,303,14514,4209,1031,9016,45886.07331,147033.117
2026-09-27,AR-070,AR,Arkansas,AR D5,Established,28,174240,176000,169824.561404,18477.650648,18459.191457,163543.2,164200,166710.703364,0.317,0.314,60524.0064,62656,51843.1944,51558.8,34151.04,33880,11083.8,11310,10113.063576,10324.56,57019.297224,58700.24,-1680.942776,36590.4,18478.152,1280.664,38332.8,16483.104,45302.4,7792.0128,54014.4,17770.7376,1588.420465,8064,true,7983.36,336,328,14868,4312,1112,5543,34498.683648,113715.9936
2026-09-27,AR-071,AR,Arkansas,AR D5,Established,28,177607.5,178500,172602.040816,19711.937616,19613.868275,167467.3,167300,170017.563452,0.3065,0.302,62048.068163,63546,51328.72745,50524.6,34806.68,34360,11342.24,11480,10420.564832,10507.14,56807.310781,57723.46,-916.149219,38185.6125,19169.177475,1451.053275,39073.65,17114.2587,46177.95,7942.6074,54170.2875,17822.024588,1618.915349,8064,true,7991.424,240,235,15224,4415,1196,6190,35367.398853,115559.431837
2026-09-27,AR-072,AR,Arkansas,AR D5,Established,28,181000,181000,175387.596899,19253.222716,19706.471562,171422.4,170400,173329.019211,0.311,0.305,63190.72,64436,53312.3664,51972,35467.12,34840,11603.4,11650,10733.51393,10689.72,58699.05247,59228.28,-529.22753,39820,19870.18,1632.62,39820,17361.52,47060,8094.32,54300,17864.7,1649.633488,8064,true,7999.488,264,260,15584,4519,813,6315,36018.7104,117809.28
2026-09-27,AR-073,AR,Arkansas,AR D5,Converted,28,184417.5,183500,0,19618.882979,0,175408.5,173500,0,0.299,0.308,65455.303275,65326,52447.1415,53438,31713,31000,11867.28,11820,11051.953836,10872.3,63270.210939,65071.7,-1801.489061,41493.9375,21701.329312,705.396937,40571.85,17608.1829,47948.55,8247.1506,54403.1625,17898.640462,1475.023256,8064,true,8007.552,288,272,15946,4624,892,6710,37309.522867,118962.196725
2026-09-27,AR-074,AR,Arkansas,AR D5,Converted,28,187860,186000,0,19985.106383,0,179425.6,176600,0,0.3035,0.311,66647.0922,66216,54455.6696,54922.6,32361.44,31480,12133.88,11990,11375.927517,11054.88,65231.514283,66613.72,-1382.205717,43207.8,22468.056,864.156,41329.2,17854.2144,48843.6,8401.0992,54479.4,17923.7226,1505.183256,8064,true,8015.616,312,297,16311,4730,974,7115,37988.842554,121212.9078
2026-09-27,AR-075,AR,Arkansas,AR D5,New,21,117666.4125,115927.5,0,12517.703457,0,128844.9,134775,0,0.308,0.314,41722.156544,41270.19,39684.2292,42319.35,24761.01,23970,9302.4,9120,7963.118279,8046.3825,39379.857466,42453.1575,-3073.300034,27651.606937,14295.880787,635.98696,25886.61075,11131.242622,30593.26725,5262.041967,33534.927563,11032.991168,1151.674884,6048,true,6017.76,336,321,11713,3397,744,4632,23781.62923,75944.255956
